caseid,Support,contrump,libtrump,self,republican
316229883,NA,0,0,1,1
316233550,1,0,0,1,0
316322268,1,0,0,1,0
316339169,1,0,0,1,0
316351233,0,0,0,1,1
316352649,1,0,0,1,0
316446076,NA,0,0,1,1
316498930,1,0,0,1,1
316581688,1,0,0,1,0
316590743,1,0,0,1,0
316590904,1,0,0,1,0
316603729,0,0,0,1,1
316606770,1,0,0,1,0
316693102,1,0,0,1,1
316693179,0,0,0,1,1
316693687,0,0,0,1,0
316693788,1,0,0,1,0
316700098,0,0,0,1,0
316700929,1,0,0,1,1
316707241,1,0,0,1,1
316713579,1,0,0,1,0
316753463,0,0,0,1,1
316870339,0,0,0,1,1
316871469,0,0,0,1,0
316904306,1,0,0,1,0
316983800,1,0,0,1,0
316983867,1,0,0,1,1
317008633,1,0,0,1,1
317027386,1,0,0,1,0
317027790,1,0,0,1,0
317031398,1,0,0,1,0
317032200,0,0,0,1,0
317037890,1,0,0,1,0
317067083,0,0,0,1,1
317119045,1,0,0,1,0
317124691,1,0,0,1,0
317127857,0,0,0,1,0
317155492,0,0,0,1,0
317157327,0,0,0,1,1
317158374,NA,0,0,1,0
317161677,1,0,0,1,0
317162089,1,0,0,1,0
317165185,0,0,0,1,0
317167042,0,0,0,1,1
317168779,1,0,0,1,0
317170250,1,0,0,1,0
317170511,1,0,0,1,0
317171250,1,0,0,1,1
317171900,0,0,0,1,0
317174638,0,0,0,1,1
317174697,1,0,0,1,0
317177920,0,0,0,1,1
317178025,1,0,0,1,0
317178059,1,0,0,1,0
317180291,1,0,0,1,0
317181234,0,0,0,1,0
317183263,0,0,0,1,1
317183342,1,0,0,1,1
317187398,1,0,0,1,0
317192085,1,0,0,1,0
317192092,1,0,0,1,0
317194730,1,0,0,1,1
317194766,1,0,0,1,0
317194772,NA,0,0,1,1
317194777,0,0,0,1,0
317195029,1,0,0,1,0
317195117,1,0,0,1,0
317195119,1,0,0,1,0
317195130,1,0,0,1,0
317195142,1,0,0,1,0
317196338,0,0,0,1,1
317196365,1,0,0,1,0
317196395,NA,0,0,1,0
317196410,1,0,0,1,1
317196425,0,0,0,1,1
317197602,1,0,0,1,0
317197774,NA,0,0,1,1
317197807,0,0,0,1,1
317198310,1,0,0,1,1
317199098,0,0,0,1,0
317199172,NA,0,0,1,0
317199186,0,0,0,1,0
317199209,0,0,0,1,0
317199230,1,0,0,1,0
317199319,1,0,0,1,0
317199426,1,0,0,1,1
317199457,1,0,0,1,0
317200425,1,0,0,1,0
317200458,0,0,0,1,1
317200473,1,0,0,1,0
317200522,1,0,0,1,0
317200535,0,0,0,1,1
317200590,1,0,0,1,0
317200615,1,0,0,1,1
317200619,0,0,0,1,1
317200636,1,0,0,1,0
317200674,1,0,0,1,0
317200743,1,0,0,1,0
317200843,NA,0,0,1,0
317200893,1,0,0,1,0
317201143,0,0,0,1,1
317201299,1,0,0,1,1
317201311,1,0,0,1,0
317201326,1,0,0,1,0
317201986,NA,0,0,1,0
317202045,0,0,0,1,0
317202320,1,0,0,1,0
317202347,1,0,0,1,0
317202360,1,0,0,1,0
317202392,0,0,0,1,0
317202402,1,0,0,1,0
317202471,0,0,0,1,1
317203779,1,0,0,1,0
317203851,1,0,0,1,1
317203935,1,0,0,1,1
317204041,0,0,0,1,1
317204287,NA,0,0,1,0
317204331,1,0,0,1,0
317204372,1,0,0,1,0
317204604,1,0,0,1,0
317205356,1,0,0,1,0
317205371,1,0,0,1,0
317205418,0,0,0,1,0
317205462,1,0,0,1,0
317205520,1,0,0,1,0
317205526,1,0,0,1,0
317205583,0,0,0,1,1
317206897,1,0,0,1,1
317206919,1,0,0,1,0
317207093,0,0,0,1,1
317207382,0,0,0,1,1
317207398,1,0,0,1,0
317207422,1,0,0,1,1
317208366,0,0,0,1,0
317208419,1,0,0,1,0
317208458,1,0,0,1,0
317208473,1,0,0,1,0
317208512,0,0,0,1,1
317208520,1,0,0,1,1
317208531,1,0,0,1,0
317208575,1,0,0,1,1
317209903,0,0,0,1,1
317210024,0,0,0,1,1
317210028,0,0,0,1,1
317210032,1,0,0,1,0
317212573,1,0,0,1,0
317212725,0,0,0,1,1
317212837,0,0,0,1,1
317213064,1,0,0,1,0
317213090,0,0,0,1,0
317214081,0,0,0,1,1
317215476,1,0,0,1,0
317215529,1,0,0,1,1
317215560,1,0,0,1,0
317215603,1,0,0,1,0
317217060,0,0,0,1,0
317218501,0,0,0,1,1
317218529,1,0,0,1,0
317218596,1,0,0,1,0
317218648,1,0,0,1,1
317218651,1,0,0,1,1
317218693,1,0,0,1,0
317218859,0,0,0,1,0
317218868,1,0,0,1,0
317220180,1,0,0,1,0
317220197,1,0,0,1,0
317221502,1,0,0,1,0
317221661,1,0,0,1,1
317221910,1,0,0,1,0
317222117,1,0,0,1,1
317223182,0,0,0,1,1
317223279,1,0,0,1,0
317223338,1,0,0,1,0
317223434,0,0,0,1,1
317223480,1,0,0,1,0
317223500,0,0,0,1,1
317224787,0,0,0,1,1
317224836,1,0,0,1,0
317224841,1,0,0,1,0
317224871,1,0,0,1,0
317224910,1,0,0,1,0
317224963,0,0,0,1,1
317225007,1,0,0,1,1
317225024,1,0,0,1,0
317225051,1,0,0,1,0
317225105,1,0,0,1,1
317225158,0,0,0,1,1
317225190,1,0,0,1,1
317225411,NA,0,0,1,1
317225419,0,0,0,1,1
317226384,0,0,0,1,0
317226422,0,0,0,1,0
317226452,1,0,0,1,0
317226475,1,0,0,1,1
317226501,1,0,0,1,1
317226513,0,0,0,1,1
317226564,0,0,0,1,1
317226606,1,0,0,1,0
317227984,1,0,0,1,0
317228155,1,0,0,1,1
317228162,1,0,0,1,1
317228194,1,0,0,1,0
317228206,1,0,0,1,0
317228227,0,0,0,1,1
317228396,1,0,0,1,0
317229357,1,0,0,1,0
317229377,1,0,0,1,0
317229456,NA,0,0,1,0
317229461,NA,0,0,1,1
317229499,1,0,0,1,1
317229638,0,0,0,1,1
317229667,0,0,0,1,1
317230949,0,0,0,1,1
317230988,0,0,0,1,1
317231239,1,0,0,1,1
317231373,1,0,0,1,0
317231390,0,0,0,1,1
317231426,1,0,0,1,0
317232395,NA,0,0,1,1
317232419,0,0,0,1,1
317232434,NA,0,0,1,0
317232476,1,0,0,1,0
317232489,NA,0,0,1,0
317232518,1,0,0,1,1
317232527,0,0,0,1,1
317232543,0,0,0,1,1
317232626,1,0,0,1,0
317234054,1,0,0,1,0
317234442,NA,0,0,1,0
317235195,1,0,0,1,0
317235281,1,0,0,1,1
317235318,1,0,0,1,1
317235329,0,0,0,1,0
317235405,1,0,0,1,0
317235415,1,0,0,1,0
317235465,0,0,0,1,0
317235469,1,0,0,1,0
317235519,1,0,0,1,0
317235875,1,0,0,1,0
317237935,0,0,0,1,1
317237977,NA,0,0,1,1
317238000,1,0,0,1,0
317238010,1,0,0,1,0
317238015,1,0,0,1,0
317238051,1,0,0,1,1
317238063,1,0,0,1,0
317238081,0,0,0,1,0
317238090,1,0,0,1,0
317238126,0,0,0,1,0
317238143,1,0,0,1,1
317238148,1,0,0,1,0
317238152,1,0,0,1,0
317238187,1,0,0,1,1
317238223,1,0,0,1,0
317238233,0,0,0,1,1
317238237,1,0,0,1,0
317240524,1,0,0,1,1
317240583,1,0,0,1,0
317240586,0,0,0,1,1
317240617,1,0,0,1,0
317240677,1,0,0,1,0
317240702,0,0,0,1,1
317240721,0,0,0,1,1
317240724,1,0,0,1,0
317240731,1,0,0,1,1
317243156,1,0,0,1,0
317243228,NA,0,0,1,1
317243243,1,0,0,1,1
317243248,1,0,0,1,0
317243306,1,0,0,1,0
317243315,1,0,0,1,0
317243354,1,0,0,1,0
317244625,1,0,0,1,0
317245771,1,0,0,1,0
317245780,1,0,0,1,0
317245803,0,0,0,1,0
317245812,1,0,0,1,1
317245818,1,0,0,1,0
317246289,0,0,0,1,0
317247567,1,0,0,1,0
317248222,1,0,0,1,0
317248294,0,0,0,1,0
317248306,NA,0,0,1,0
317248310,0,0,0,1,1
317248316,1,0,0,1,0
317248339,1,0,0,1,0
317248370,1,0,0,1,0
317250728,1,0,0,1,0
317250816,1,0,0,1,0
317250832,0,0,0,1,0
317250861,1,0,0,1,0
317250903,NA,0,0,1,0
317250914,0,0,0,1,1
317251644,1,0,0,1,0
317253191,1,0,0,1,1
317253243,NA,0,0,1,1
317253284,NA,0,0,1,1
317253414,0,0,0,1,1
317255874,0,0,0,1,0
317258015,1,0,0,1,0
317258239,0,0,0,1,0
317258255,1,0,0,1,1
317258324,1,0,0,1,0
317258342,1,0,0,1,0
317258345,1,0,0,1,0
317259844,0,0,0,1,0
317260686,1,0,0,1,0
317260701,1,0,0,1,0
317260716,1,0,0,1,0
317260757,0,0,0,1,1
317263168,0,0,0,1,1
317268320,0,0,0,1,1
317270359,NA,0,0,1,0
317270421,1,0,0,1,1
317272810,1,0,0,1,0
317272812,0,0,0,1,1
317275199,1,0,0,1,0
317280011,1,0,0,1,0
317287134,1,0,0,1,0
317292117,1,0,0,1,1
317292633,0,0,0,1,0
317295281,0,0,0,1,1
317295332,0,0,0,1,1
317295745,1,0,0,1,1
317298700,0,0,0,1,1
317298785,1,0,0,1,0
317298804,NA,0,0,1,0
317305190,0,0,0,1,1
317310855,1,0,0,1,1
317311230,1,0,0,1,0
317317129,0,0,0,1,0
317319765,1,0,0,1,0
317319780,0,0,0,1,0
317319827,0,0,0,1,1
317333976,1,0,0,1,0
317339364,1,0,0,1,0
317352571,1,0,0,1,0
317381567,1,0,0,1,0
317386922,1,0,0,1,0
317420147,1,0,0,1,0
317465203,1,0,0,1,0
317470899,NA,0,0,1,0
317471208,1,0,0,1,0
317474126,1,0,0,1,0
317477902,1,0,0,1,0
317477955,1,0,0,1,1
317478118,1,0,0,1,0
317480506,1,0,0,1,0
317488896,0,0,0,1,1
317492885,1,0,0,1,1
317495054,1,0,0,1,1
317499375,1,0,0,1,0
317502221,1,0,0,1,0
317502274,0,0,0,1,0
317507788,1,0,0,1,1
317510380,0,0,0,1,0
317511221,1,0,0,1,0
317513353,1,0,0,1,0
317516090,1,0,0,1,0
317518832,0,0,0,1,0
317519276,1,0,0,1,0
317520786,1,0,0,1,0
317522008,1,0,0,1,0
317523575,0,0,0,1,1
317528759,1,0,0,1,0
317529703,1,0,0,1,0
317532209,0,0,0,1,0
317536375,1,0,0,1,0
317537448,1,0,0,1,0
317538962,1,0,0,1,0
317546302,1,0,0,1,0
317548773,1,0,0,1,0
317583564,NA,0,0,1,0
317622677,0,0,0,1,0
317647009,1,0,0,1,0
317671747,0,0,0,1,0
317741819,1,0,0,1,1
317754042,1,0,0,1,0
317761142,1,0,0,1,0
317780958,NA,0,0,1,0
317783537,1,0,0,1,0
317803727,1,0,0,1,0
317808175,0,0,0,1,0
317842068,NA,0,0,1,0
317846224,1,0,0,1,0
317850037,1,0,0,1,0
317861566,1,0,0,1,0
317872682,1,0,0,1,0
317872699,0,0,0,1,1
317877760,1,0,0,1,0
317880412,1,0,0,1,0
317881146,1,0,0,1,1
317881476,0,0,0,1,1
317883150,1,0,0,1,0
317893724,1,0,0,1,1
317900210,1,0,0,1,0
317900334,1,0,0,1,0
317910734,1,0,0,1,0
317928484,NA,0,0,1,0
317932915,1,0,0,1,0
317958731,1,0,0,1,0
317967510,1,0,0,1,0
317974262,1,0,0,1,0
317976802,1,0,0,1,0
317983850,1,0,0,1,0
317993365,0,0,0,1,0
317997076,NA,0,0,1,0
317999766,1,0,0,1,1
318001156,0,0,0,1,0
318003005,0,0,0,1,1
318016562,0,0,0,1,1
318021855,1,0,0,1,0
318029029,1,0,0,1,0
318031020,1,0,0,1,0
318036947,NA,0,0,1,1
318038573,0,0,0,1,1
318041331,0,0,0,1,0
318045697,1,0,0,1,0
318045698,0,0,0,1,1
318045835,NA,0,0,1,0
318048107,1,0,0,1,0
318048430,1,0,0,1,0
318054831,1,0,0,1,0
318059774,1,0,0,1,1
318071294,0,0,0,1,1
318074640,0,0,0,1,1
318075990,1,0,0,1,0
318076154,1,0,0,1,0
318079613,0,0,0,1,0
318083645,0,0,0,1,1
318084997,0,0,0,1,0
318085149,0,0,0,1,1
318089422,1,0,0,1,0
318094341,1,0,0,1,0
318094803,1,0,0,1,1
318097774,1,0,0,1,0
318098481,1,0,0,1,1
318106620,0,0,0,1,0
318112341,0,0,0,1,1
318113016,NA,0,0,1,1
318113069,1,0,0,1,0
318113190,1,0,0,1,1
318118548,1,0,0,1,0
318118616,1,0,0,1,1
318118652,1,0,0,1,0
318118690,1,0,0,1,1
318118798,1,0,0,1,1
318118854,1,0,0,1,0
318119008,1,0,0,1,0
318119815,1,0,0,1,0
318120520,1,0,0,1,0
318120550,1,0,0,1,0
318121541,1,0,0,1,0
318121567,0,0,0,1,0
318121776,1,0,0,1,1
318121889,0,0,0,1,1
318121954,0,0,0,1,1
318122192,1,0,0,1,0
318122243,1,0,0,1,1
318123539,1,0,0,1,0
318124387,0,0,0,1,1
318124528,1,0,0,1,1
318124686,0,0,0,1,1
318127428,NA,0,0,1,0
318128059,1,0,0,1,0
318128228,0,0,0,1,0
318128236,NA,0,0,1,1
318128260,1,0,0,1,0
318128265,0,0,0,1,1
318128295,1,0,0,1,0
318128298,NA,0,0,1,1
318128338,1,0,0,1,1
318128339,1,0,0,1,1
318128856,0,0,0,1,0
318130142,1,0,0,1,0
318130398,1,0,0,1,1
318130519,1,0,0,1,0
318131935,1,0,0,1,0
318132272,0,0,0,1,1
318132632,0,0,0,1,1
318132699,1,0,0,1,0
318132761,0,0,0,1,1
318132807,1,0,0,1,0
318132834,0,0,0,1,1
318132880,1,0,0,1,1
318133889,0,0,0,1,1
318134006,1,0,0,1,0
318135657,1,0,0,1,1
318135960,1,0,0,1,1
318136057,1,0,0,1,0
318136184,1,0,0,1,1
318136196,0,0,0,1,1
318139891,1,0,0,1,0
318146139,1,0,0,1,0
318148024,0,0,0,1,0
318149465,1,0,0,1,0
318161781,0,0,0,1,0
318165467,NA,0,0,1,0
318197254,1,0,0,1,0
318239350,1,0,0,1,0
325605361,0,0,0,0,1
326638233,1,0,0,0,0
326962217,0,0,0,0,1
326964650,1,0,1,0,0
326991896,0,0,1,0,1
327008399,0,1,0,0,1
327008897,1,0,0,0,0
327121862,1,0,1,0,1
327175836,0,0,0,0,1
327179873,1,1,0,0,0
327194885,0,1,0,0,0
327218901,NA,1,0,0,0
327229310,1,0,0,0,1
327235011,1,0,1,0,0
327244794,1,1,0,0,0
327254441,NA,0,1,0,1
327257147,1,1,0,0,0
327260005,NA,0,0,0,1
327260167,1,0,1,0,0
327266749,0,1,0,0,0
327275311,0,0,0,0,0
327277521,1,0,0,0,1
327282719,1,0,0,0,0
327288264,1,0,1,0,1
327288995,1,0,0,0,0
327295047,0,0,1,0,0
327326991,0,0,0,0,1
327382454,1,0,1,0,0
327392141,1,0,1,0,0
327405710,1,0,0,0,0
327407970,0,0,0,0,1
327416413,0,0,0,0,1
327439888,1,0,1,0,0
327452762,0,0,0,0,0
327488077,1,0,0,0,0
327641651,0,0,1,0,1
327656391,NA,0,1,0,1
327676907,0,0,1,0,1
327689291,0,1,0,0,1
327702791,NA,0,1,0,0
327771056,0,0,0,0,1
327799395,0,0,0,0,1
327804449,1,0,1,0,0
327812457,1,0,0,0,0
327827786,1,0,0,0,1
327840439,0,1,0,0,0
327840525,0,0,0,0,1
327840639,1,0,0,0,0
327840645,0,0,0,0,0
327842973,1,0,0,0,0
327845367,1,0,1,0,1
327845394,0,0,0,0,0
327845463,0,0,0,0,0
327852478,1,1,0,0,0
327852581,0,0,0,0,1
327852604,0,0,1,0,0
327852688,0,1,0,0,0
327854956,NA,0,0,0,1
327854996,1,1,0,0,0
327855094,0,0,0,0,0
327855169,0,0,0,0,1
327857331,NA,0,0,0,1
327857358,1,1,0,0,1
327857378,1,0,0,0,0
327859705,1,0,1,0,0
327859805,1,0,0,0,0
327859905,1,1,0,0,0
327860026,0,0,0,0,1
327860130,1,0,1,0,0
327860138,1,0,0,0,0
327862278,0,0,1,0,1
327862378,0,0,0,0,1
327862535,0,0,0,0,1
327862594,1,0,1,0,0
327862675,0,0,0,0,1
327862701,1,0,1,0,0
327862707,1,1,0,0,0
327862892,1,0,0,0,1
327864775,1,0,0,0,0
327864783,0,0,0,0,0
327864875,1,0,0,0,0
327864897,1,0,1,0,1
327864948,1,0,0,0,0
327865111,NA,0,0,0,0
327865142,0,0,0,0,1
327865152,1,0,0,0,0
327865243,1,1,0,0,0
327865246,1,0,0,0,0
327867384,NA,0,0,0,1
327867947,1,0,0,0,0
327867956,1,0,0,0,1
327867969,1,0,0,0,0
327867993,1,0,0,0,0
327870340,1,0,1,0,1
327870631,0,1,0,0,0
327870647,NA,1,0,0,0
327870900,1,0,1,0,0
327870946,1,1,0,0,0
327871246,0,0,0,0,1
327874111,1,1,0,0,0
327874188,1,0,0,0,1
327874316,1,1,0,0,0
327874436,1,1,0,0,0
327876942,1,0,0,0,0
327877332,0,1,0,0,1
327877749,0,0,0,0,1
327877822,1,0,0,0,1
327880069,NA,1,0,0,0
327880354,0,0,0,0,0
327880739,0,0,0,0,1
327880817,1,0,0,0,0
327880895,NA,0,1,0,1
327883165,1,0,1,0,1
327883733,1,0,0,0,0
327883768,0,0,0,0,0
327883913,NA,0,0,0,1
327884018,0,1,0,0,0
327889772,1,0,0,0,1
327889775,1,1,0,0,1
327892369,0,1,0,0,1
327892395,1,0,0,0,0
327892729,0,0,0,0,1
327896920,1,0,1,0,0
327897873,1,1,0,0,0
327898091,1,0,0,0,0
327899293,0,0,0,0,1
327901830,1,0,0,0,0
327904492,0,0,1,0,1
327907199,1,0,0,0,0
327907233,1,1,0,0,0
327907243,1,0,0,0,0
327907247,0,1,0,0,0
327907273,0,0,0,0,0
327908408,1,0,0,0,1
327908424,1,0,1,0,0
327911330,0,1,0,0,0
327914287,0,0,1,0,1
327914425,1,0,0,0,0
327917386,0,0,1,0,1
327917508,1,0,0,0,0
327919126,1,0,0,0,0
327926514,1,1,0,0,0
327926572,1,1,0,0,0
327926637,0,0,0,0,0
327926740,1,0,1,0,0
327926755,1,0,1,0,1
327926774,0,0,0,0,0
327928469,1,0,0,0,0
327929159,0,0,1,0,1
327929294,1,1,0,0,0
327929862,1,1,0,0,0
327930497,NA,0,1,0,1
327930780,1,0,0,0,0
327930952,1,0,0,0,0
327930976,1,0,0,0,0
327931005,0,0,1,0,0
327931048,1,0,1,0,0
327931103,1,0,0,0,0
327931111,NA,1,0,0,1
327931125,1,0,0,0,0
327931133,NA,0,0,0,1
327931162,1,0,1,0,1
327931953,1,1,0,0,0
327932052,1,0,1,0,0
327932073,0,0,0,0,0
327932102,NA,1,0,0,0
327932116,0,1,0,0,1
327932462,0,0,0,0,0
327932590,1,0,0,0,0
327933340,0,0,0,0,0
327933480,NA,0,0,0,0
327933863,1,0,0,0,0
327933924,0,1,0,0,0
327934028,0,1,0,0,1
327934212,1,0,0,0,0
327935255,1,0,0,0,0
327935260,1,0,1,0,0
327935281,1,0,0,0,0
327935300,1,1,0,0,0
327935343,1,0,1,0,0
327935358,0,0,0,0,1
327935389,0,0,0,0,1
327936072,1,1,0,0,0
327936078,1,1,0,0,0
327936086,1,0,0,0,0
327936199,1,0,0,0,0
327936211,1,1,0,0,0
327936416,1,0,1,0,1
327936592,0,0,0,0,0
327936622,0,0,1,0,1
327937621,1,0,1,0,0
327937629,0,0,0,0,1
327937996,0,1,0,0,0
327938143,1,1,0,0,0
327938151,1,0,0,0,0
327938184,0,0,1,0,1
327938230,0,0,0,0,0
327938275,0,0,0,0,1
327938282,1,1,0,0,1
327938300,1,0,0,0,0
327938302,0,0,0,0,1
327938307,0,0,0,0,1
327938361,1,0,1,0,0
327938376,0,0,0,0,0
327938909,1,1,0,0,0
327938997,1,0,0,0,1
327939039,0,0,0,0,1
327939132,NA,0,0,0,0
327939137,1,1,0,0,0
327939342,NA,0,1,0,1
327939516,1,0,0,0,0
327939711,1,0,0,0,0
327940131,1,1,0,0,0
327940462,0,0,0,0,1
327940630,1,1,0,0,0
327940844,1,0,0,0,0
327941004,1,0,0,0,0
327941020,1,0,1,0,0
327941023,0,1,0,0,1
327941030,1,0,0,0,0
327941062,1,0,1,0,0
327941106,0,0,0,0,1
327941115,0,0,0,0,1
327941120,1,1,0,0,0
327941125,0,0,1,0,1
327941129,1,0,1,0,0
327941135,0,0,0,0,1
327941150,1,0,1,0,0
327941154,0,0,0,0,1
327941155,1,1,0,0,0
327941174,0,1,0,0,0
327941229,1,0,1,0,0
327941283,1,0,0,0,0
327941303,1,0,0,0,0
327941372,1,0,1,0,1
327941414,NA,0,1,0,0
327941437,0,1,0,0,0
327941445,NA,0,0,0,1
327941529,1,0,0,0,0
327942226,0,0,0,0,1
327942243,0,0,1,0,1
327942357,0,1,0,0,1
327942358,1,0,0,0,0
327942706,0,0,0,0,1
327943316,0,0,0,0,1
327944136,0,1,0,0,1
327944271,1,0,0,0,0
327944345,1,0,0,0,0
327944368,1,1,0,0,0
327944395,0,0,0,0,1
327944407,1,0,1,0,0
327944429,0,0,0,0,1
327944487,1,1,0,0,0
327944554,0,1,0,0,1
327944560,0,0,0,0,1
327944759,1,0,0,0,0
327945236,1,1,0,0,1
327945288,0,0,0,0,1
327945300,NA,0,1,0,0
327945319,1,0,0,0,1
327945343,0,1,0,0,1
327945347,1,0,0,0,0
327945689,1,0,1,0,0
327945710,0,0,0,0,1
327946630,1,1,0,0,0
327947045,0,0,0,0,1
327947107,0,1,0,0,1
327947125,1,1,0,0,0
327947129,1,0,0,0,1
327947138,1,0,0,0,0
327947172,1,0,0,0,0
327947188,1,0,1,0,0
327947231,0,0,0,0,1
327947241,1,1,0,0,0
327947247,0,0,0,0,0
327947264,0,0,0,0,1
327947273,1,0,1,0,1
327947304,1,0,0,0,1
327947317,0,0,1,0,0
327947351,1,0,0,0,0
327947398,1,1,0,0,0
327947411,1,0,0,0,1
327947427,1,0,1,0,0
327947440,1,1,0,0,0
327947451,1,0,0,0,0
327947468,0,0,0,0,1
327948296,1,0,0,0,0
327948551,1,0,1,0,0
327948585,1,0,1,0,1
327949150,1,0,0,0,0
327949416,0,0,1,0,1
327949888,1,0,0,0,0
327949911,1,0,0,0,0
327949935,1,0,0,0,0
327949938,0,0,0,0,0
327949963,1,1,0,0,0
327949969,0,0,1,0,0
327949996,1,1,0,0,1
327949999,1,1,0,0,1
327950013,1,0,0,0,0
327950032,1,0,1,0,0
327950042,1,0,0,0,0
327950061,1,0,0,0,0
327950087,1,0,0,0,0
327950101,1,0,1,0,1
327950144,0,0,1,0,0
327950154,0,1,0,0,1
327950160,0,0,1,0,0
327950162,1,0,0,0,0
327950300,1,0,0,0,0
327951062,1,0,1,0,0
327951154,1,1,0,0,0
327951202,1,0,1,0,1
327951713,1,1,0,0,0
327952037,1,0,1,0,0
327952369,1,1,0,0,0
327952377,1,1,0,0,0
327952403,1,0,1,0,1
327952421,1,0,1,0,0
327952468,NA,0,0,0,0
327952486,NA,0,1,0,1
327952510,0,0,1,0,1
327952524,1,0,0,0,0
327952542,1,0,0,0,0
327952554,1,1,0,0,0
327952563,1,0,0,0,0
327952570,0,0,0,0,1
327952574,0,0,0,0,1
327952607,1,0,0,0,1
327952664,1,0,0,0,0
327952682,0,0,0,0,0
327952728,1,0,1,0,0
327952801,1,0,0,0,0
327954930,1,0,1,0,1
327954977,1,1,0,0,0
327954981,1,0,0,0,0
327955009,0,0,0,0,1
327955037,0,0,0,0,1
327955070,0,1,0,0,0
327955100,1,0,1,0,0
327955126,0,1,0,0,1
327955136,0,0,0,0,0
327955171,0,1,0,0,1
327955182,1,0,0,0,1
327955183,1,0,0,0,0
327955193,0,1,0,0,0
327955208,1,0,0,0,0
327955226,1,1,0,0,0
327955233,NA,0,1,0,1
327955244,NA,1,0,0,0
327955251,1,0,1,0,0
327956437,0,1,0,0,1
327957406,1,1,0,0,0
327957435,0,0,0,0,1
327957438,1,0,1,0,0
327957476,1,0,1,0,0
327957498,0,1,0,0,1
327957508,0,0,0,0,1
327957511,1,0,1,0,1
327957520,1,0,1,0,0
327957522,1,0,0,0,0
327957527,1,1,0,0,0
327957549,1,1,0,0,0
327957552,0,0,0,0,1
327957559,1,0,0,0,1
327957573,1,0,0,0,0
327957632,1,1,0,0,0
327957660,0,0,0,0,1
327957677,1,0,0,0,0
327957684,NA,1,0,0,0
327957697,0,0,0,0,1
327957709,1,0,1,0,1
327957725,NA,1,0,0,0
327958450,1,0,1,0,0
327958547,1,0,0,0,0
327958784,NA,0,0,0,1
327958906,1,0,1,0,0
327959203,1,0,0,0,0
327959603,1,1,0,0,0
327959756,0,0,1,0,0
327959789,0,0,0,0,1
327959831,1,0,0,0,0
327959841,1,0,1,0,0
327959858,1,0,0,0,0
327959867,NA,0,1,0,1
327959873,1,0,0,0,0
327959887,1,0,1,0,1
327959914,1,1,0,0,0
327959931,1,1,0,0,0
327959934,NA,0,0,0,0
327960013,1,0,1,0,0
327960092,NA,0,0,0,0
327960123,0,0,1,0,1
327960128,1,1,0,0,0
327960159,0,0,1,0,0
327960565,1,0,0,0,0
327961315,NA,0,0,0,1
327961367,1,1,0,0,0
327962352,1,0,1,0,0
327962366,0,1,0,0,0
327962432,0,0,0,0,1
327962436,1,0,1,0,0
327962439,0,1,0,0,1
327962467,0,0,1,0,0
327962486,1,0,0,0,0
327962510,1,1,0,0,0
327962518,1,0,0,0,0
327962521,1,0,1,0,0
327962525,1,0,1,0,1
327962561,1,1,0,0,0
327962584,1,0,0,0,0
327962644,1,0,0,0,0
327964780,1,0,1,0,1
327964786,0,0,0,0,1
327964833,NA,0,0,0,0
327964834,1,0,1,0,1
327964871,1,0,0,0,0
327964954,NA,0,1,0,0
327964985,1,0,0,0,0
327964988,1,1,0,0,1
327964997,0,1,0,0,0
327965025,NA,0,1,0,1
327965035,1,0,0,0,0
327965075,1,0,0,0,0
327965573,1,0,1,0,0
327965897,1,0,1,0,0
327966203,0,0,0,0,1
327966811,0,1,0,0,0
327966935,1,0,0,0,0
327967130,1,0,0,0,0
327967214,0,0,0,0,0
327967228,1,0,0,0,1
327967255,0,1,0,0,1
327967268,1,0,1,0,0
327967271,1,0,0,0,0
327967362,0,1,0,0,1
327967363,0,0,0,0,1
327967395,NA,0,0,0,0
327967404,1,0,1,0,0
327969498,1,0,0,0,0
327969503,NA,1,0,0,0
327969529,1,1,0,0,0
327969536,NA,0,1,0,0
327969567,1,1,0,0,0
327969584,NA,0,1,0,1
327969589,NA,0,0,0,0
327969695,1,0,0,0,0
327969722,1,0,0,0,0
327971833,0,1,0,0,1
327971858,1,0,0,0,0
327971924,0,1,0,0,1
327971980,1,1,0,0,0
327971982,1,0,0,0,0
327974211,0,0,0,0,1
327975227,1,0,0,0,0
327976494,1,0,1,0,0
327978817,1,0,1,0,0
327978838,NA,0,0,0,0
327978881,1,0,1,0,0
327980747,1,0,0,0,0
327980755,NA,1,0,0,0
327981230,0,0,0,0,0
327981240,NA,0,1,0,0
327981977,0,0,0,0,0
327983114,1,0,0,0,0
327983430,1,0,0,0,0
327984067,1,1,0,0,0
327985812,1,0,0,0,1
327986897,1,0,0,0,0
327987881,1,1,0,0,0
327988990,1,0,1,0,1
327989978,1,0,0,0,1
327990034,1,1,0,0,0
327990272,NA,0,1,0,1
327990503,0,0,0,0,1
327994540,1,0,0,0,0
327994551,1,1,0,0,0
327994566,1,1,0,0,0
327994613,1,1,0,0,0
327996161,0,1,0,0,1
327997018,0,0,0,0,1
327997542,0,0,0,0,0
327997557,1,0,0,0,0
327999688,1,0,1,0,1
327999690,1,0,0,0,1
327999714,0,0,1,0,0
327999731,0,1,0,0,1
327999732,1,0,0,0,0
327999830,0,1,0,0,0
327999843,1,0,1,0,0
327999846,0,0,0,0,1
327999890,1,1,0,0,0
328000347,1,0,1,0,0
328000427,1,1,0,0,1
328000473,1,0,0,0,0
328002534,NA,0,0,0,0
328002570,0,1,0,0,1
328002573,1,0,1,0,0
328002615,1,0,0,0,0
328002676,1,0,0,0,0
328002679,0,0,1,0,1
328003058,1,1,0,0,0
328003252,0,0,0,0,1
328003329,1,0,0,0,0
328005010,1,0,1,0,0
328005588,1,0,0,0,0
328005713,1,0,0,0,0
328005716,0,0,0,0,1
328006221,0,0,0,0,0
328006255,1,1,0,0,0
328006957,1,0,0,0,0
328007940,0,0,0,0,0
328008386,0,0,0,0,1
328008453,1,1,0,0,0
328008475,NA,0,0,0,0
328008481,0,1,0,0,1
328008576,1,1,0,0,0
328008590,1,0,1,0,0
328008633,1,0,0,0,0
328009094,NA,0,0,0,0
328009095,NA,0,1,0,0
328009161,NA,1,0,0,1
328009225,1,0,1,0,1
328009252,0,0,0,0,1
328010168,0,1,0,0,0
328011493,1,0,1,0,0
328011531,1,0,0,0,0
328011553,1,0,0,0,0
328011661,1,0,1,0,1
328011691,1,1,0,0,0
328011706,1,0,0,0,0
328011724,1,1,0,0,1
328012065,1,0,0,0,0
328012076,1,1,0,0,1
328012117,NA,0,0,0,1
328012161,1,0,1,0,0
328012162,1,0,0,0,0
328012164,0,0,0,0,1
328012188,0,1,0,0,1
328012189,1,0,0,0,0
328012196,1,0,1,0,1
328012286,1,1,0,0,0
328014396,NA,0,1,0,0
328014401,1,1,0,0,0
328014410,1,1,0,0,1
328014515,0,0,1,0,1
328014580,1,0,0,0,0
328014582,1,0,0,0,1
328014627,1,0,0,0,0
328014896,1,0,0,0,0
328014996,1,0,0,0,0
328015000,0,0,1,0,0
328015118,1,0,0,0,0
328015146,1,0,0,0,0
328015191,1,1,0,0,0
328017507,0,1,0,0,1
328017565,1,1,0,0,0
328017577,1,0,1,0,0
328017583,1,0,0,0,0
328017585,1,1,0,0,0
328018069,1,0,0,0,0
328018161,1,1,0,0,1
328018179,1,0,0,0,1
328018217,0,0,0,0,1
328018300,0,1,0,0,0
328020385,1,0,0,0,1
328020423,1,0,0,0,0
328020842,1,0,1,0,0
328020845,1,0,0,0,1
328020853,0,0,0,0,0
328020858,1,0,0,0,0
328020941,1,1,0,0,0
328020951,1,0,1,0,1
328020990,1,0,0,0,1
328021040,1,0,1,0,0
328021047,1,0,0,0,0
328023334,0,0,1,0,1
328023375,1,0,0,0,0
328023777,1,0,0,0,0
328023820,1,0,1,0,0
328023829,1,1,0,0,1
328023858,1,0,0,0,0
328023921,1,0,0,0,0
328023954,0,0,1,0,1
328023976,1,0,0,0,0
328023986,1,1,0,0,0
328023997,1,0,0,0,1
328024004,0,0,0,0,0
328024021,0,0,1,0,0
328024089,1,1,0,0,0
328024534,0,1,0,0,0
328026147,1,0,0,0,1
328026547,1,0,0,0,1
328026558,NA,0,1,0,1
328026746,1,0,0,0,0
328026775,1,1,0,0,0
328026787,1,0,0,0,0
328026819,1,1,0,0,0
328027298,1,0,0,0,1
328027551,0,0,1,0,1
328027809,1,0,0,0,0
328028909,1,0,0,0,0
328029303,1,0,0,0,0
328029360,1,0,1,0,0
328029466,1,0,1,0,0
328029511,NA,0,0,0,0
328029543,1,0,1,0,0
328030509,1,0,0,0,0
328031402,1,0,1,0,0
328032115,0,0,1,0,1
328033131,1,1,0,0,0
328034030,0,1,0,0,1
328034066,1,0,0,0,0
328034447,1,0,1,0,0
328034527,1,0,0,0,0
328034687,1,0,1,0,0
328034700,1,0,0,0,0
328036972,1,0,0,0,0
328037069,1,0,1,0,0
328037445,0,1,0,0,1
328038030,0,1,0,0,1
328038870,1,0,1,0,1
328039315,NA,0,0,0,0
328039500,1,0,1,0,1
328040427,0,1,0,0,1
328041633,0,0,0,0,1
328041778,0,0,0,0,0
328041864,1,0,0,0,0
328042932,1,0,0,0,0
328044294,1,0,0,0,0
328046535,1,0,0,0,1
328046610,1,0,1,0,0
328046661,1,1,0,0,0
328048808,1,0,0,0,0
328051265,1,0,0,0,0
328051376,1,1,0,0,0
328051396,1,0,0,0,1
328051448,NA,0,0,0,0
328053637,1,0,0,0,1
328054986,0,1,0,0,1
328056048,1,0,0,0,0
328056069,0,0,1,0,0
328056083,1,0,0,0,0
328058336,1,0,1,0,0
328060582,0,0,0,0,0
328063244,1,0,0,0,0
328065515,1,0,0,0,0
328065992,0,0,0,0,0
328066011,1,0,1,0,0
328067876,NA,0,1,0,1
328067921,0,1,0,0,0
328070823,1,1,0,0,0
328072816,1,0,1,0,0
328075208,1,0,1,0,0
328075247,1,0,0,0,0
328075358,NA,0,1,0,0
328075392,0,0,1,0,0
328075406,1,0,0,0,1
328075456,1,1,0,0,0
328076425,0,1,0,0,1
328076745,1,0,1,0,0
328077598,1,0,1,0,1
328079435,1,1,0,0,0
328079474,1,0,1,0,0
328079814,1,0,0,0,0
328080659,1,0,1,0,0
328081169,1,0,0,0,0
328082108,0,1,0,0,1
328082251,0,0,0,0,0
328084532,0,0,0,0,0
328086852,1,1,0,0,0
328088544,1,0,0,0,0
328091049,1,0,0,0,0
328091270,1,0,0,0,0
328093305,NA,0,0,0,0
328095527,1,0,0,0,0
328099559,1,0,1,0,1
328100020,1,1,0,0,0
328100033,0,0,0,0,0
328100055,1,0,1,0,1
328100106,1,0,0,0,0
328101003,NA,0,0,0,0
328101448,1,0,0,0,0
328101782,1,0,0,0,0
328101793,NA,0,0,0,0
328101816,0,0,0,0,0
328102280,NA,1,0,0,0
328102886,1,0,0,0,0
328104018,1,0,0,0,1
328104027,1,0,1,0,0
328105649,1,1,0,0,1
328106196,1,0,0,0,1
328107304,1,1,0,0,0
328108262,1,1,0,0,0
328108291,1,0,0,0,0
328110533,1,0,1,0,1
328110947,0,0,0,0,0
328111436,1,0,1,0,0
328111482,1,1,0,0,1
328112026,NA,1,0,0,0
328112294,1,0,1,0,0
328117214,1,0,0,0,0
328117268,1,0,0,0,0
328117273,1,0,1,0,0
328117277,1,0,0,0,0
328118538,1,0,0,0,0
328118743,NA,0,0,0,0
328119257,1,0,0,0,0
328120062,1,1,0,0,0
328120113,1,1,0,0,0
328121210,1,1,0,0,1
328122525,1,0,1,0,0
328125287,1,0,0,0,1
328128040,1,0,0,0,1
328128428,1,0,0,0,0
328129840,1,0,1,0,0
328131174,1,0,1,0,0
328131827,1,0,0,0,0
328134873,1,0,1,0,0
328134885,1,0,1,0,1
328134952,1,0,0,0,1
328135157,1,0,0,0,0
328137898,1,0,0,0,0
328137929,1,0,0,0,0
328137957,NA,0,0,0,0
328137981,1,1,0,0,0
328138912,1,0,0,0,0
328140706,1,0,1,0,0
328141839,1,0,0,0,0
328143576,1,0,0,0,0
328143736,1,0,0,0,0
328144441,1,1,0,0,0
328144727,0,1,0,0,1
328144851,0,0,1,0,0
328145388,1,0,0,0,0
328145733,1,1,0,0,0
328146295,1,0,1,0,0
328146338,1,0,0,0,0
328146372,NA,0,0,0,1
328147128,0,1,0,0,1
328147879,1,1,0,0,0
328148881,0,0,1,0,1
328149050,1,0,0,0,0
328149060,1,1,0,0,1
328149106,1,0,1,0,1
328149760,1,0,0,0,1
328149968,NA,0,0,0,0
328150877,1,0,1,0,0
328151224,0,1,0,0,1
328151436,NA,0,0,0,0
328153967,NA,0,1,0,0
328154981,1,0,0,0,0
328155863,NA,1,0,0,0
328155870,0,0,0,0,0
328156342,1,1,0,0,0
328156377,1,0,1,0,1
328156396,1,1,0,0,0
328158528,1,0,0,0,0
328159639,1,1,0,0,1
328159954,1,0,0,0,0
328160195,0,0,0,0,1
328162420,0,0,0,0,0
328163432,0,0,0,0,1
328163491,0,0,0,0,0
328163647,1,0,0,0,0
328163777,NA,0,0,0,1
328164838,NA,1,0,0,1
328165594,1,0,0,0,0
328165604,1,0,1,0,0
328166013,1,1,0,0,0
328167121,1,0,0,0,0
328168179,1,0,1,0,0
328168276,1,0,0,0,0
328169982,1,0,0,0,0
328172867,1,1,0,0,1
328172901,1,0,1,0,0
328172902,1,0,1,0,0
328173268,1,0,1,0,1
328175271,1,0,0,0,0
328178211,1,0,0,0,0
328178223,1,0,1,0,0
328179076,0,1,0,0,0
328180775,1,0,0,0,0
328180949,1,0,1,0,0
328181588,1,0,1,0,1
328182822,1,0,0,0,0
328190511,0,0,1,0,0
328192577,1,0,0,0,0
328195559,1,0,0,0,0
328195579,1,0,0,0,0
328222611,0,0,0,0,1
328224694,1,0,1,0,0
328231212,1,1,0,0,0
328239897,1,1,0,0,1
328241011,1,0,0,0,0
328244001,NA,0,0,0,0
328255786,0,1,0,0,1
328264744,0,1,0,0,0
328267542,1,1,0,0,0
328270331,0,0,0,0,1
