treat_cond,prop_teammates_other_caste,prop_opponents_other_caste,baseline_prop_other_caste_nbrs,baseline_bowl_test_speed,n_other_caste_friends,n_other_caste_future_friends,bins_teammates_other_caste,bins_opponents_other_caste,bin_midpoint_opponents
control,NA,NA,0.05000000074505806,76,0,0,NA,NA,NA
control,NA,NA,0.807692289352417,89,1,2,NA,NA,NA
team_mix,1,0.6000000238418579,0.05000000074505806,73,2,4,75-100%,"(0.575,0.625]",0.615526324824283
team_mix,0.75,0.5,0.23529411852359772,92,75,80,50-75%,"(0.35,0.525]",0.49381187086058137
team_mix,0.5,0.6499999761581421,0.23529411852359772,82,9,18,25-50%,"(0.625,0.65]",0.6499999761581421
control,NA,NA,0.78125,94,1,3,NA,NA,NA
team_mix,0.75,0.675000011920929,0.7058823704719543,69,0,7,50-75%,"(0.65,0.675]",0.675000011920929
team_mix,0.25,0.875,0.42307692766189575,108,0,0,0-25%,"(0.8,0.975]",0.8523437511175871
control,NA,NA,0.7058823704719543,101,6,6,NA,NA,NA
team_mix,0.75,0.7250000238418579,0.40909090638160706,57,3,4,50-75%,"(0.7,0.725]",0.7250000238418579
team_mix,0.5,0.75,0.23529411852359772,83,5,11,25-50%,"(0.725,0.775]",0.7600446332778249
team_hom,0,0.800000011920929,0.23529411852359772,76,8,10,NA,"(0.775,0.8]",0.800000011920929
team_mix,1,0.550000011920929,0.23529411852359772,98,13,19,75-100%,"(0.525,0.575]",0.5640410944207074
team_mix,0.75,0.6000000238418579,0.40909090638160706,58,0,1,50-75%,"(0.575,0.625]",0.615526324824283
team_mix,0.25,0.699999988079071,0.807692289352417,101,0,1,0-25%,"(0.675,0.7]",0.699999988079071
team_mix,1,0.675000011920929,0.42307692766189575,70,0,1,75-100%,"(0.65,0.675]",0.675000011920929
team_mix,0.75,0.625,0.78125,97,5,6,50-75%,"(0.575,0.625]",0.615526324824283
control,NA,NA,0.42307692766189575,112,2,2,NA,NA,NA
team_mix,0.75,0.7749999761581421,0.3333333432674408,77,1,1,50-75%,"(0.725,0.775]",0.7600446332778249
team_mix,0.5,0.75,0.0476190485060215,87,18,35,25-50%,"(0.725,0.775]",0.7600446332778249
team_hom,0,0.625,0.7058823704719543,84,2,23,NA,"(0.575,0.625]",0.615526324824283
team_mix,1,0.574999988079071,0.23529411852359772,91,4,14,75-100%,"(0.525,0.575]",0.5640410944207074
team_mix,0.5,0.824999988079071,0.78125,107,0,1,25-50%,"(0.8,0.975]",0.8523437511175871
control,NA,NA,0.05882352963089943,98,1,11,NA,NA,NA
team_hom,0,0.8999999761581421,0.42307692766189575,116,0,1,NA,"(0.8,0.975]",0.8523437511175871
control,NA,NA,0.05000000074505806,80,0,0,NA,NA,NA
team_mix,0.25,0.875,0.42307692766189575,92,0,5,0-25%,"(0.8,0.975]",0.8523437511175871
team_mix,1,0.8500000238418579,0.8387096524238586,84,0,2,75-100%,"(0.8,0.975]",0.8523437511175871
control,NA,NA,0.05882352963089943,98,6,14,NA,NA,NA
team_mix,0.25,0.699999988079071,0.3333333432674408,92,NA,NA,0-25%,"(0.675,0.7]",0.699999988079071
control,NA,NA,0.0476190485060215,80,11,13,NA,NA,NA
team_mix,0.75,0.675000011920929,0.20930233597755432,85,2,2,50-75%,"(0.65,0.675]",0.675000011920929
team_hom,0,0.7749999761581421,0.641791045665741,84,0,2,NA,"(0.725,0.775]",0.7600446332778249
control,NA,NA,0.7333333492279053,86,0,0,NA,NA,NA
control,NA,NA,0.05882352963089943,73,0,0,NA,NA,NA
team_mix,0.5,0.8500000238418579,0.641791045665741,86,2,5,25-50%,"(0.8,0.975]",0.8523437511175871
control,NA,NA,0.641791045665741,104,6,20,NA,NA,NA
team_mix,0.5,0.5249999761581421,0.7058823704719543,76,1,3,25-50%,"(0.35,0.525]",0.49381187086058137
team_hom,0,0.8500000238418579,0.8333333134651184,96,1,20,NA,"(0.8,0.975]",0.8523437511175871
team_mix,1,0.699999988079071,0.23529411852359772,86,9,13,75-100%,"(0.675,0.7]",0.699999988079071
control,NA,NA,0.20930233597755432,78,0,0,NA,NA,NA
team_hom,0,0.824999988079071,0.641791045665741,74,0,0,NA,"(0.8,0.975]",0.8523437511175871
team_mix,0.5,0.699999988079071,0.807692289352417,115,2,5,25-50%,"(0.675,0.7]",0.699999988079071
team_hom,0,0.699999988079071,0.23529411852359772,100,0,0,NA,"(0.675,0.7]",0.699999988079071
control,NA,NA,0.3333333432674408,92,0,0,NA,NA,NA
control,NA,NA,0.8928571343421936,102,2,6,NA,NA,NA
team_mix,1,0.8999999761581421,0.42307692766189575,98,1,15,75-100%,"(0.8,0.975]",0.8523437511175871
team_mix,0.25,0.699999988079071,0.3333333432674408,98,0,0,0-25%,"(0.675,0.7]",0.699999988079071
control,NA,NA,0.05000000074505806,100,0,1,NA,NA,NA
team_hom,0,0.7749999761581421,0.641791045665741,74,0,0,NA,"(0.725,0.775]",0.7600446332778249
control,NA,NA,0.523809552192688,88,NA,NA,NA,NA,NA
team_mix,0.75,0.6499999761581421,0.05882352963089943,100,2,2,50-75%,"(0.625,0.65]",0.6499999761581421
team_hom,0,0.625,0.7058823704719543,89,4,7,NA,"(0.575,0.625]",0.615526324824283
team_mix,0.75,0.699999988079071,0.23529411852359772,82,0,1,50-75%,"(0.675,0.7]",0.699999988079071
control,NA,NA,0.05882352963089943,112,3,4,NA,NA,NA
control,NA,NA,0.23529411852359772,68,9,15,NA,NA,NA
control,NA,NA,0.23529411852359772,100,1,2,NA,NA,NA
team_mix,1,0.6499999761581421,0.05882352963089943,78,4,8,75-100%,"(0.625,0.65]",0.6499999761581421
control,NA,NA,0.8928571343421936,107,2,12,NA,NA,NA
control,NA,NA,0.641791045665741,89,0,0,NA,NA,NA
control,NA,NA,0.05882352963089943,106,48,48,NA,NA,NA
team_hom,0,0.574999988079071,0.807692289352417,77,3,12,NA,"(0.525,0.575]",0.5640410944207074
team_hom,0,0.699999988079071,0.23529411852359772,73,12,13,NA,"(0.675,0.7]",0.699999988079071
team_mix,0.75,0.75,0.42307692766189575,79,7,21,50-75%,"(0.725,0.775]",0.7600446332778249
control,NA,NA,0.42307692766189575,94,0,2,NA,NA,NA
control,NA,NA,0.807692289352417,80,0,0,NA,NA,NA
control,NA,NA,0.23529411852359772,106,NA,NA,NA,NA,NA
team_mix,0.75,0.574999988079071,0.23529411852359772,87,4,8,50-75%,"(0.525,0.575]",0.5640410944207074
control,NA,NA,0.05000000074505806,76,0,0,NA,NA,NA
control,NA,NA,0.7058823704719543,100,8,22,NA,NA,NA
team_hom,0,0.800000011920929,0.23529411852359772,97,0,5,NA,"(0.775,0.8]",0.800000011920929
control,NA,NA,0.42307692766189575,89,0,0,NA,NA,NA
team_mix,0.75,0.7250000238418579,0.05000000074505806,97,0,2,50-75%,"(0.7,0.725]",0.7250000238418579
team_mix,0.25,0.875,0.05000000074505806,90,0,0,0-25%,"(0.8,0.975]",0.8523437511175871
control,NA,NA,0.23529411852359772,81,5,11,NA,NA,NA
team_hom,0,0.5249999761581421,0.7058823704719543,73,0,10,NA,"(0.35,0.525]",0.49381187086058137
control,NA,NA,0.23529411852359772,84,12,28,NA,NA,NA
team_mix,0.75,0.6499999761581421,0.05882352963089943,84,1,6,50-75%,"(0.625,0.65]",0.6499999761581421
team_hom,0,0.75,0.0476190485060215,99,1,4,NA,"(0.725,0.775]",0.7600446332778249
control,NA,NA,0.8333333134651184,97,4,9,NA,NA,NA
team_hom,0,0.699999988079071,0.3333333432674408,84,0,2,NA,"(0.675,0.7]",0.699999988079071
team_mix,0.5,0.6499999761581421,0.23529411852359772,89,3,13,25-50%,"(0.625,0.65]",0.6499999761581421
team_hom,0,0.824999988079071,0.05000000074505806,82,0,0,NA,"(0.8,0.975]",0.8523437511175871
control,NA,NA,0.23529411852359772,85,0,6,NA,NA,NA
team_hom,0,0.625,0.807692289352417,119,1,3,NA,"(0.575,0.625]",0.615526324824283
control,NA,NA,0.05882352963089943,91,0,0,NA,NA,NA
team_hom,0,0.824999988079071,0.42307692766189575,86,NA,NA,NA,"(0.8,0.975]",0.8523437511175871
team_mix,0.5,0.8500000238418579,0.05882352963089943,100,0,5,25-50%,"(0.8,0.975]",0.8523437511175871
control,NA,NA,0.05000000074505806,86,0,0,NA,NA,NA
team_mix,1,0.75,0.8387096524238586,99,2,19,75-100%,"(0.725,0.775]",0.7600446332778249
team_mix,0.5,0.675000011920929,0.23529411852359772,85,5,7,25-50%,"(0.65,0.675]",0.675000011920929
team_mix,0.75,0.6499999761581421,0.7058823704719543,87,8,14,50-75%,"(0.625,0.65]",0.6499999761581421
team_mix,0.5,0.574999988079071,0.7333333492279053,97,2,4,25-50%,"(0.525,0.575]",0.5640410944207074
control,NA,NA,0.641791045665741,99,9,11,NA,NA,NA
team_mix,1,0.8500000238418579,0.3333333432674408,96,0,0,75-100%,"(0.8,0.975]",0.8523437511175871
team_mix,0.5,0.7250000238418579,0.7058823704719543,91,0,8,25-50%,"(0.7,0.725]",0.7250000238418579
control,NA,NA,0.20930233597755432,78,0,0,NA,NA,NA
team_hom,0,0.7749999761581421,0.05882352963089943,96,4,16,NA,"(0.725,0.775]",0.7600446332778249
team_mix,0.75,0.800000011920929,0.05882352963089943,97,2,2,50-75%,"(0.775,0.8]",0.800000011920929
control,NA,NA,0.40909090638160706,74,1,2,NA,NA,NA
team_hom,0,0.550000011920929,0.7333333492279053,106,7,9,NA,"(0.525,0.575]",0.5640410944207074
team_hom,0,0.6499999761581421,0.40909090638160706,73,8,10,NA,"(0.625,0.65]",0.6499999761581421
control,NA,NA,0.05882352963089943,92,0,0,NA,NA,NA
team_hom,0,0.7749999761581421,0.05882352963089943,98,0,0,NA,"(0.725,0.775]",0.7600446332778249
control,NA,NA,0.23529411852359772,108,9,12,NA,NA,NA
team_mix,0.75,0.7749999761581421,0.42307692766189575,82,0,0,50-75%,"(0.725,0.775]",0.7600446332778249
team_mix,0.5,0.824999988079071,0.78125,79,1,3,25-50%,"(0.8,0.975]",0.8523437511175871
team_mix,0.75,0.7749999761581421,0.05000000074505806,92,2,13,50-75%,"(0.725,0.775]",0.7600446332778249
control,NA,NA,0.23529411852359772,79,6,6,NA,NA,NA
control,NA,NA,0.05882352963089943,88,0,0,NA,NA,NA
team_mix,0.75,0.7250000238418579,0.05000000074505806,90,NA,NA,50-75%,"(0.7,0.725]",0.7250000238418579
control,NA,NA,0.807692289352417,98,4,9,NA,NA,NA
team_mix,0.75,0.5,0.40909090638160706,61,1,1,50-75%,"(0.35,0.525]",0.49381187086058137
team_hom,0,0.699999988079071,0.23529411852359772,88,0,0,NA,"(0.675,0.7]",0.699999988079071
control,NA,NA,0.05000000074505806,94,NA,NA,NA,NA,NA
control,NA,NA,0.641791045665741,76,0,0,NA,NA,NA
control,NA,NA,0.807692289352417,95,0,3,NA,NA,NA
team_hom,0,0.625,0.807692289352417,88,4,7,NA,"(0.575,0.625]",0.615526324824283
team_hom,0,0.8999999761581421,0.05000000074505806,52,0,0,NA,"(0.8,0.975]",0.8523437511175871
team_hom,0,0.8999999761581421,0.05000000074505806,89,0,0,NA,"(0.8,0.975]",0.8523437511175871
team_mix,0.5,0.7749999761581421,0.40909090638160706,85,3,5,25-50%,"(0.725,0.775]",0.7600446332778249
team_mix,0.75,0.75,0.05882352963089943,91,4,11,50-75%,"(0.725,0.775]",0.7600446332778249
control,NA,NA,0.641791045665741,83,3,5,NA,NA,NA
team_mix,0.75,0.75,0.42307692766189575,86,2,5,50-75%,"(0.725,0.775]",0.7600446332778249
team_hom,0,0.699999988079071,0.8333333134651184,107,4,9,NA,"(0.675,0.7]",0.699999988079071
team_mix,0.5,0.7250000238418579,0.7333333492279053,94,2,13,25-50%,"(0.7,0.725]",0.7250000238418579
team_hom,0,0.625,0.7058823704719543,86,1,5,NA,"(0.575,0.625]",0.615526324824283
team_hom,0,0.574999988079071,0.807692289352417,82,0,1,NA,"(0.525,0.575]",0.5640410944207074
team_mix,1,0.625,0.523809552192688,78,2,7,75-100%,"(0.575,0.625]",0.615526324824283
team_hom,0,0.675000011920929,0.1428571492433548,93,6,12,NA,"(0.65,0.675]",0.675000011920929
team_mix,0.5,0.675000011920929,0.550000011920929,98,3,4,25-50%,"(0.65,0.675]",0.675000011920929
team_hom,0,0.5249999761581421,0.523809552192688,83,3,5,NA,"(0.35,0.525]",0.49381187086058137
team_hom,0,0.550000011920929,0.523809552192688,78,0,0,NA,"(0.525,0.575]",0.5640410944207074
control,NA,NA,0.523809552192688,74,0,3,NA,NA,NA
control,NA,NA,0.550000011920929,88,NA,NA,NA,NA,NA
team_mix,1,0.574999988079071,0.550000011920929,100,5,5,75-100%,"(0.525,0.575]",0.5640410944207074
team_hom,0,0.75,0.9000000357627869,86,8,10,NA,"(0.725,0.775]",0.7600446332778249
control,NA,NA,0.515625,105,3,10,NA,NA,NA
team_hom,0,0.550000011920929,0.523809552192688,89,6,7,NA,"(0.525,0.575]",0.5640410944207074
team_mix,1,0.574999988079071,0.523809552192688,75,4,11,75-100%,"(0.525,0.575]",0.5640410944207074
team_mix,0.5,0.7250000238418579,0.9047619104385376,86,2,3,25-50%,"(0.7,0.725]",0.7250000238418579
team_hom,0,0.550000011920929,0.7777777910232544,94,6,10,NA,"(0.525,0.575]",0.5640410944207074
control,NA,NA,0.9047619104385376,104,1,1,NA,NA,NA
control,NA,NA,0.523809552192688,100,1,1,NA,NA,NA
team_mix,0.5,0.8500000238418579,0.07692307978868484,92,3,6,25-50%,"(0.8,0.975]",0.8523437511175871
team_mix,0.5,0.800000011920929,0.29629629850387573,83,1,1,25-50%,"(0.775,0.8]",0.800000011920929
team_hom,0,0.5249999761581421,0.20930233597755432,77,10,10,NA,"(0.35,0.525]",0.49381187086058137
team_hom,0,0.8500000238418579,0.523809552192688,100,1,6,NA,"(0.8,0.975]",0.8523437511175871
team_hom,0,0.8999999761581421,0.05000000074505806,83,0,1,NA,"(0.8,0.975]",0.8523437511175871
team_mix,0.5,0.574999988079071,0.7000000476837158,82,4,4,25-50%,"(0.525,0.575]",0.5640410944207074
control,NA,NA,0.0476190485060215,97,13,25,NA,NA,NA
team_mix,0.75,0.44999998807907104,0.20930233597755432,96,1,2,50-75%,"(0.35,0.525]",0.49381187086058137
team_mix,1,0.574999988079071,0.13793103396892548,89,0,5,75-100%,"(0.525,0.575]",0.5640410944207074
team_mix,0.75,0.75,0.8500000238418579,103,4,7,50-75%,"(0.725,0.775]",0.7600446332778249
control,NA,NA,0.13793103396892548,105,0,0,NA,NA,NA
control,NA,NA,0.5,91,4,4,NA,NA,NA
team_mix,0.75,0.625,0.641791045665741,80,0,11,50-75%,"(0.575,0.625]",0.615526324824283
team_mix,0.75,0.7250000238418579,0.20930233597755432,88,0,0,50-75%,"(0.7,0.725]",0.7250000238418579
control,NA,NA,0.8857142925262451,80,5,8,NA,NA,NA
team_mix,0.75,0.550000011920929,0.641791045665741,95,10,13,50-75%,"(0.525,0.575]",0.5640410944207074
team_mix,1,0.675000011920929,0.7272727489471436,79,2,2,75-100%,"(0.65,0.675]",0.675000011920929
control,NA,NA,0.7000000476837158,80,1,1,NA,NA,NA
team_hom,0,0.574999988079071,0.29629629850387573,95,NA,NA,NA,"(0.525,0.575]",0.5640410944207074
team_hom,0,0.800000011920929,0.0476190485060215,81,3,6,NA,"(0.775,0.8]",0.800000011920929
team_hom,0,0.625,0.5,81,12,12,NA,"(0.575,0.625]",0.615526324824283
control,NA,NA,0.13793103396892548,92,3,6,NA,NA,NA
team_mix,0.5,0.574999988079071,0.13793103396892548,84,2,2,25-50%,"(0.525,0.575]",0.5640410944207074
team_mix,1,0.699999988079071,0.641791045665741,79,6,11,75-100%,"(0.675,0.7]",0.699999988079071
control,NA,NA,0.13793103396892548,77,3,3,NA,NA,NA
team_hom,0,0.550000011920929,0.13793103396892548,86,1,1,NA,"(0.525,0.575]",0.5640410944207074
control,NA,NA,0.0476190485060215,106,7,18,NA,NA,NA
control,NA,NA,0.8500000238418579,102,1,3,NA,NA,NA
team_hom,0,0.574999988079071,0.29629629850387573,79,0,0,NA,"(0.525,0.575]",0.5640410944207074
team_hom,0,0.625,0.29629629850387573,77,1,1,NA,"(0.575,0.625]",0.615526324824283
control,NA,NA,0.20930233597755432,89,0,0,NA,NA,NA
team_hom,0,0.5249999761581421,0.20930233597755432,85,2,8,NA,"(0.35,0.525]",0.49381187086058137
control,NA,NA,0.523809552192688,72,0,1,NA,NA,NA
control,NA,NA,0.5,56,15,34,NA,NA,NA
team_hom,0,0.824999988079071,0.42307692766189575,86,2,4,NA,"(0.8,0.975]",0.8523437511175871
control,NA,NA,0.8857142925262451,96,4,7,NA,NA,NA
control,NA,NA,0.13793103396892548,68,0,0,NA,NA,NA
team_mix,0.5,0.699999988079071,0.20930233597755432,87,4,8,25-50%,"(0.675,0.7]",0.699999988079071
control,NA,NA,0.5,67,0,0,NA,NA,NA
control,NA,NA,0.05000000074505806,83,2,12,NA,NA,NA
control,NA,NA,0.8387096524238586,96,0,5,NA,NA,NA
team_mix,0.5,0.699999988079071,0.29629629850387573,99,5,10,25-50%,"(0.675,0.7]",0.699999988079071
control,NA,NA,0.29629629850387573,75,9,15,NA,NA,NA
control,NA,NA,0.13793103396892548,79,NA,NA,NA,NA,NA
team_hom,0,0.574999988079071,0.29629629850387573,103,1,1,NA,"(0.525,0.575]",0.5640410944207074
control,NA,NA,0.20930233597755432,86,1,7,NA,NA,NA
control,NA,NA,0.05000000074505806,105,2,3,NA,NA,NA
control,NA,NA,0.7272727489471436,99,0,0,NA,NA,NA
team_hom,0,0.8999999761581421,0.05000000074505806,88,2,10,NA,"(0.8,0.975]",0.8523437511175871
team_hom,0,0.6499999761581421,0.20930233597755432,98,1,2,NA,"(0.625,0.65]",0.6499999761581421
team_mix,1,0.7250000238418579,0.8387096524238586,101,7,7,75-100%,"(0.7,0.725]",0.7250000238418579
control,NA,NA,0.29629629850387573,65,2,2,NA,NA,NA
control,NA,NA,0.5,98,1,2,NA,NA,NA
control,NA,NA,0.42307692766189575,84,1,4,NA,NA,NA
control,NA,NA,0.5,85,2,3,NA,NA,NA
team_mix,0.25,0.699999988079071,0.29629629850387573,91,0,0,0-25%,"(0.675,0.7]",0.699999988079071
team_mix,0.25,0.699999988079071,0.523809552192688,91,1,5,0-25%,"(0.675,0.7]",0.699999988079071
team_mix,0.5,0.8500000238418579,0.641791045665741,101,4,4,25-50%,"(0.8,0.975]",0.8523437511175871
team_hom,0,0.7749999761581421,0.641791045665741,98,1,3,NA,"(0.725,0.775]",0.7600446332778249
control,NA,NA,0.0476190485060215,94,4,6,NA,NA,NA
team_mix,0.75,0.7250000238418579,0.7272727489471436,76,0,0,50-75%,"(0.7,0.725]",0.7250000238418579
control,NA,NA,0.29629629850387573,99,NA,NA,NA,NA,NA
control,NA,NA,0.29629629850387573,78,1,1,NA,NA,NA
team_hom,0,0.625,0.29629629850387573,87,1,7,NA,"(0.575,0.625]",0.615526324824283
team_mix,1,0.699999988079071,0.52173912525177,95,0,2,75-100%,"(0.675,0.7]",0.699999988079071
team_hom,0,0.625,0.29629629850387573,86,0,2,NA,"(0.575,0.625]",0.615526324824283
team_hom,0,0.800000011920929,0.23529411852359772,97,0,4,NA,"(0.775,0.8]",0.800000011920929
team_mix,1,0.550000011920929,0.29629629850387573,86,2,4,75-100%,"(0.525,0.575]",0.5640410944207074
team_mix,1,0.4749999940395355,0.78125,98,3,16,75-100%,"(0.35,0.525]",0.49381187086058137
control,NA,NA,0.20930233597755432,81,10,13,NA,NA,NA
team_mix,0.75,0.75,0.8333333134651184,83,6,8,50-75%,"(0.725,0.775]",0.7600446332778249
team_hom,0,0.625,0.7000000476837158,88,1,2,NA,"(0.575,0.625]",0.615526324824283
team_mix,1,0.550000011920929,0.29629629850387573,80,1,4,75-100%,"(0.525,0.575]",0.5640410944207074
team_mix,1,0.8500000238418579,0.7142857313156128,97,3,4,75-100%,"(0.8,0.975]",0.8523437511175871
control,NA,NA,0.20930233597755432,89,0,0,NA,NA,NA
team_mix,0.75,0.625,0.8387096524238586,87,9,21,50-75%,"(0.575,0.625]",0.615526324824283
control,NA,NA,0.641791045665741,85,4,7,NA,NA,NA
control,NA,NA,0.7333333492279053,118,4,10,NA,NA,NA
team_mix,0.5,0.699999988079071,0.29629629850387573,55,0,1,25-50%,"(0.675,0.7]",0.699999988079071
control,NA,NA,0.5,86,0,2,NA,NA,NA
team_mix,1,0.6000000238418579,0.13793103396892548,86,3,3,75-100%,"(0.575,0.625]",0.615526324824283
team_hom,0,0.4749999940395355,0.5,71,7,8,NA,"(0.35,0.525]",0.49381187086058137
team_hom,0,0.625,0.7333333492279053,99,2,7,NA,"(0.575,0.625]",0.615526324824283
team_hom,0,0.550000011920929,0.13793103396892548,72,0,0,NA,"(0.525,0.575]",0.5640410944207074
team_mix,0.75,0.800000011920929,0.29629629850387573,83,1,2,50-75%,"(0.775,0.8]",0.800000011920929
team_mix,0.5,0.675000011920929,0.523809552192688,99,4,20,25-50%,"(0.65,0.675]",0.675000011920929
team_hom,0,0.824999988079071,0.641791045665741,101,7,19,NA,"(0.8,0.975]",0.8523437511175871
control,NA,NA,0.29629629850387573,78,1,1,NA,NA,NA
control,NA,NA,0.0476190485060215,89,1,5,NA,NA,NA
team_mix,0.75,0.699999988079071,0.29629629850387573,89,3,10,50-75%,"(0.675,0.7]",0.699999988079071
control,NA,NA,0.523809552192688,98,8,26,NA,NA,NA
team_hom,0,0.6499999761581421,0.7142857313156128,87,3,8,NA,"(0.625,0.65]",0.6499999761581421
team_mix,0.75,0.699999988079071,0.29629629850387573,79,1,7,50-75%,"(0.675,0.7]",0.699999988079071
team_mix,1,0.675000011920929,0.13793103396892548,76,6,6,75-100%,"(0.65,0.675]",0.675000011920929
control,NA,NA,0.523809552192688,85,0,2,NA,NA,NA
team_mix,0.5,0.5,0.5,93,22,39,25-50%,"(0.35,0.525]",0.49381187086058137
team_hom,0,0.824999988079071,0.641791045665741,84,0,2,NA,"(0.8,0.975]",0.8523437511175871
team_hom,0,0.699999988079071,0.23529411852359772,87,0,1,NA,"(0.675,0.7]",0.699999988079071
team_mix,1,0.6000000238418579,0.8387096524238586,76,1,4,75-100%,"(0.575,0.625]",0.615526324824283
control,NA,NA,0.641791045665741,74,2,7,NA,NA,NA
team_mix,0.75,0.5,0.40909090638160706,87,6,6,50-75%,"(0.35,0.525]",0.49381187086058137
team_mix,0.5,0.699999988079071,0.29629629850387573,80,0,1,25-50%,"(0.675,0.7]",0.699999988079071
team_hom,0,0.6499999761581421,0.9142857193946838,81,0,1,NA,"(0.625,0.65]",0.6499999761581421
control,NA,NA,0.42307692766189575,75,0,1,NA,NA,NA
control,NA,NA,0.5,101,0,0,NA,NA,NA
team_mix,0.75,0.5,0.0476190485060215,84,7,14,50-75%,"(0.35,0.525]",0.49381187086058137
team_hom,0,0.625,0.7272727489471436,68,0,4,NA,"(0.575,0.625]",0.615526324824283
team_mix,0.75,0.8500000238418579,0.8857142925262451,75,17,24,50-75%,"(0.8,0.975]",0.8523437511175871
team_hom,0,0.824999988079071,0.8387096524238586,82,0,0,NA,"(0.8,0.975]",0.8523437511175871
team_mix,0.75,0.6499999761581421,0.7272727489471436,95,1,1,50-75%,"(0.625,0.65]",0.6499999761581421
team_mix,0.5,0.699999988079071,0.20930233597755432,86,2,3,25-50%,"(0.675,0.7]",0.699999988079071
team_mix,0.75,0.4749999940395355,0.5,77,2,2,50-75%,"(0.35,0.525]",0.49381187086058137
team_mix,0.5,0.5,0.5,86,0,0,25-50%,"(0.35,0.525]",0.49381187086058137
control,NA,NA,0.523809552192688,72,0,1,NA,NA,NA
team_hom,0,0.625,0.7272727489471436,94,4,11,NA,"(0.575,0.625]",0.615526324824283
control,NA,NA,0.523809552192688,105,2,2,NA,NA,NA
team_hom,0,0.75,0.52173912525177,95,3,5,NA,"(0.725,0.775]",0.7600446332778249
team_hom,0,0.6499999761581421,0.9142857193946838,90,NA,NA,NA,"(0.625,0.65]",0.6499999761581421
team_mix,0.75,0.7749999761581421,0.52173912525177,88,0,0,50-75%,"(0.725,0.775]",0.7600446332778249
team_hom,0,0.824999988079071,0.05000000074505806,94,2,6,NA,"(0.8,0.975]",0.8523437511175871
team_mix,0.5,0.6499999761581421,0.7142857313156128,96,0,10,25-50%,"(0.625,0.65]",0.6499999761581421
team_mix,0.75,0.675000011920929,0.20930233597755432,86,4,6,50-75%,"(0.65,0.675]",0.675000011920929
control,NA,NA,0.0476190485060215,98,8,18,NA,NA,NA
team_mix,0.75,0.75,0.29629629850387573,85,3,21,50-75%,"(0.725,0.775]",0.7600446332778249
control,NA,NA,0.0476190485060215,88,0,3,NA,NA,NA
team_hom,0,0.800000011920929,0.23529411852359772,77,1,2,NA,"(0.775,0.8]",0.800000011920929
team_mix,0.5,0.5249999761581421,0.20930233597755432,77,1,17,25-50%,"(0.35,0.525]",0.49381187086058137
team_hom,0,0.75,0.40909090638160706,107,2,2,NA,"(0.725,0.775]",0.7600446332778249
team_mix,0.25,0.699999988079071,0.29629629850387573,99,0,0,0-25%,"(0.675,0.7]",0.699999988079071
team_mix,1,0.699999988079071,0.29629629850387573,70,0,3,75-100%,"(0.675,0.7]",0.699999988079071
control,NA,NA,0.5,68,2,5,NA,NA,NA
team_hom,0,0.4749999940395355,0.7142857313156128,97,5,11,NA,"(0.35,0.525]",0.49381187086058137
control,NA,NA,0.20930233597755432,82,0,0,NA,NA,NA
team_mix,1,0.6499999761581421,0.29629629850387573,105,0,0,75-100%,"(0.625,0.65]",0.6499999761581421
team_mix,0.5,0.5,0.7000000476837158,83,4,4,25-50%,"(0.35,0.525]",0.49381187086058137
control,NA,NA,0.40909090638160706,89,NA,NA,NA,NA,NA
control,NA,NA,0.641791045665741,66,0,1,NA,NA,NA
team_mix,0.75,0.699999988079071,0.23529411852359772,92,4,8,50-75%,"(0.675,0.7]",0.699999988079071
control,NA,NA,0.23529411852359772,95,8,27,NA,NA,NA
control,NA,NA,0.40909090638160706,85,1,1,NA,NA,NA
team_hom,0,0.75,0.7272727489471436,102,0,1,NA,"(0.725,0.775]",0.7600446332778249
team_hom,0,0.75,0.40909090638160706,86,2,2,NA,"(0.725,0.775]",0.7600446332778249
team_mix,1,0.7250000238418579,0.8387096524238586,83,11,12,75-100%,"(0.7,0.725]",0.7250000238418579
control,NA,NA,0.13793103396892548,81,0,0,NA,NA,NA
control,NA,NA,0.7272727489471436,59,16,24,NA,NA,NA
control,NA,NA,0.23529411852359772,86,0,0,NA,NA,NA
control,NA,NA,0.8888888955116272,75,3,5,NA,NA,NA
control,NA,NA,0.13793103396892548,94,0,1,NA,NA,NA
control,NA,NA,0.13793103396892548,85,0,0,NA,NA,NA
control,NA,NA,0.52173912525177,93,5,11,NA,NA,NA
team_hom,0,0.824999988079071,0.641791045665741,64,2,21,NA,"(0.8,0.975]",0.8523437511175871
team_mix,0.75,0.800000011920929,0.29629629850387573,96,0,1,50-75%,"(0.775,0.8]",0.800000011920929
control,NA,NA,0.8387096524238586,99,0,1,NA,NA,NA
control,NA,NA,0.20930233597755432,111,2,6,NA,NA,NA
team_hom,0,0.5249999761581421,0.20930233597755432,96,3,4,NA,"(0.35,0.525]",0.49381187086058137
team_hom,0,0.75,0.0476190485060215,92,13,17,NA,"(0.725,0.775]",0.7600446332778249
team_hom,0,0.6499999761581421,0.8857142925262451,80,4,4,NA,"(0.625,0.65]",0.6499999761581421
team_hom,0,0.550000011920929,0.13793103396892548,98,1,5,NA,"(0.525,0.575]",0.5640410944207074
team_mix,0.5,0.7250000238418579,0.20930233597755432,96,2,3,25-50%,"(0.7,0.725]",0.7250000238418579
control,NA,NA,0.52173912525177,69,0,1,NA,NA,NA
team_hom,0,0.75,0.40909090638160706,68,NA,NA,NA,"(0.725,0.775]",0.7600446332778249
team_mix,0.75,0.4000000059604645,0.5,101,5,12,50-75%,"(0.35,0.525]",0.49381187086058137
team_hom,0,0.8500000238418579,0.523809552192688,99,1,16,NA,"(0.8,0.975]",0.8523437511175871
team_mix,0.75,0.625,0.8333333134651184,98,0,0,50-75%,"(0.575,0.625]",0.615526324824283
control,NA,NA,0.13793103396892548,79,4,4,NA,NA,NA
team_mix,0.75,0.675000011920929,0.20930233597755432,89,3,4,50-75%,"(0.65,0.675]",0.675000011920929
team_hom,0,0.6499999761581421,0.20930233597755432,73,0,0,NA,"(0.625,0.65]",0.6499999761581421
team_mix,0.5,0.800000011920929,0.29629629850387573,88,0,3,25-50%,"(0.775,0.8]",0.800000011920929
control,NA,NA,0.20930233597755432,80,5,7,NA,NA,NA
control,NA,NA,0.641791045665741,85,9,20,NA,NA,NA
team_mix,0.25,0.699999988079071,0.8333333134651184,98,8,13,0-25%,"(0.675,0.7]",0.699999988079071
team_mix,0.75,0.75,0.29629629850387573,107,3,4,50-75%,"(0.725,0.775]",0.7600446332778249
control,NA,NA,0.29629629850387573,97,1,1,NA,NA,NA
team_mix,0.5,0.5249999761581421,0.7272727489471436,85,1,3,25-50%,"(0.35,0.525]",0.49381187086058137
team_mix,0.5,0.6499999761581421,0.0476190485060215,93,4,9,25-50%,"(0.625,0.65]",0.6499999761581421
control,NA,NA,0.0476190485060215,83,1,2,NA,NA,NA
team_hom,0,0.4749999940395355,0.5,84,7,12,NA,"(0.35,0.525]",0.49381187086058137
team_mix,0.5,0.699999988079071,0.29629629850387573,87,0,0,25-50%,"(0.675,0.7]",0.699999988079071
control,NA,NA,0.5,114,5,5,NA,NA,NA
control,NA,NA,0.5,86,0,0,NA,NA,NA
team_mix,0.75,0.7749999761581421,0.5,95,4,6,50-75%,"(0.725,0.775]",0.7600446332778249
control,NA,NA,0.52173912525177,92,2,2,NA,NA,NA
team_mix,1,0.625,0.52173912525177,96,0,4,75-100%,"(0.575,0.625]",0.615526324824283
team_mix,0.5,0.6499999761581421,0.7000000476837158,93,5,8,25-50%,"(0.625,0.65]",0.6499999761581421
control,NA,NA,0.0476190485060215,95,4,16,NA,NA,NA
team_mix,1,0.75,0.7142857313156128,80,3,5,75-100%,"(0.725,0.775]",0.7600446332778249
team_mix,0.5,0.75,0.0476190485060215,97,6,16,25-50%,"(0.725,0.775]",0.7600446332778249
team_mix,0.75,0.574999988079071,0.0476190485060215,83,0,11,50-75%,"(0.525,0.575]",0.5640410944207074
team_mix,0.5,0.675000011920929,0.23529411852359772,79,0,0,25-50%,"(0.65,0.675]",0.675000011920929
control,NA,NA,0.29629629850387573,87,0,0,NA,NA,NA
team_mix,0.5,0.7250000238418579,0.5,75,1,3,25-50%,"(0.7,0.725]",0.7250000238418579
control,NA,NA,0.13793103396892548,82,3,8,NA,NA,NA
control,NA,NA,0.7142857313156128,92,0,2,NA,NA,NA
control,NA,NA,0.20930233597755432,86,1,2,NA,NA,NA
control,NA,NA,0.40909090638160706,80,1,2,NA,NA,NA
team_hom,0,0.699999988079071,0.8928571343421936,99,0,3,NA,"(0.675,0.7]",0.699999988079071
team_mix,0.75,0.7250000238418579,0.7000000476837158,84,1,4,50-75%,"(0.7,0.725]",0.7250000238418579
team_mix,0.25,0.699999988079071,0.29629629850387573,103,0,0,0-25%,"(0.675,0.7]",0.699999988079071
team_mix,0.5,0.800000011920929,0.29629629850387573,100,0,0,25-50%,"(0.775,0.8]",0.800000011920929
team_mix,0.5,0.699999988079071,0.29629629850387573,110,0,0,25-50%,"(0.675,0.7]",0.699999988079071
control,NA,NA,0.641791045665741,98,6,25,NA,NA,NA
control,NA,NA,0.29629629850387573,75,0,1,NA,NA,NA
team_mix,0.75,0.4749999940395355,0.5,86,0,4,50-75%,"(0.35,0.525]",0.49381187086058137
team_hom,0,0.5249999761581421,0.9142857193946838,86,2,4,NA,"(0.35,0.525]",0.49381187086058137
team_hom,0,0.625,0.13793103396892548,84,0,0,NA,"(0.575,0.625]",0.615526324824283
control,NA,NA,0.20930233597755432,86,4,6,NA,NA,NA
control,NA,NA,0.20930233597755432,104,NA,NA,NA,NA,NA
team_hom,0,0.6499999761581421,0.52173912525177,78,1,9,NA,"(0.625,0.65]",0.6499999761581421
control,NA,NA,0.13793103396892548,85,2,2,NA,NA,NA
team_mix,0.75,0.44999998807907104,0.20930233597755432,99,0,1,50-75%,"(0.35,0.525]",0.49381187086058137
control,NA,NA,0.13793103396892548,80,0,0,NA,NA,NA
team_mix,0.5,0.675000011920929,0.0476190485060215,76,4,9,25-50%,"(0.65,0.675]",0.675000011920929
control,NA,NA,0.0476190485060215,80,1,1,NA,NA,NA
team_hom,0,0.75,0.23529411852359772,94,0,0,NA,"(0.725,0.775]",0.7600446332778249
team_mix,0.75,0.625,0.20930233597755432,87,0,0,50-75%,"(0.575,0.625]",0.615526324824283
team_mix,0.75,0.550000011920929,0.5,97,4,15,50-75%,"(0.525,0.575]",0.5640410944207074
control,NA,NA,0.29629629850387573,59,0,1,NA,NA,NA
team_hom,0,0.4749999940395355,0.8888888955116272,99,3,9,NA,"(0.35,0.525]",0.49381187086058137
team_mix,0.5,0.5,0.5,80,0,0,25-50%,"(0.35,0.525]",0.49381187086058137
team_hom,0,0.75,0.23529411852359772,68,0,0,NA,"(0.725,0.775]",0.7600446332778249
control,NA,NA,0.7333333492279053,98,10,15,NA,NA,NA
team_mix,1,0.675000011920929,0.5,92,4,18,75-100%,"(0.65,0.675]",0.675000011920929
team_mix,0.5,0.5,0.5,86,10,11,25-50%,"(0.35,0.525]",0.49381187086058137
team_mix,0.5,0.7250000238418579,0.13793103396892548,96,0,0,25-50%,"(0.7,0.725]",0.7250000238418579
team_mix,1,0.7749999761581421,0.8387096524238586,103,5,8,75-100%,"(0.725,0.775]",0.7600446332778249
control,NA,NA,0.7962962985038757,82,1,4,NA,NA,NA
team_mix,0.5,0.7250000238418579,0.703125,98,NA,NA,25-50%,"(0.7,0.725]",0.7250000238418579
team_mix,1,0.574999988079071,0.14814814925193787,91,14,31,75-100%,"(0.525,0.575]",0.5640410944207074
team_mix,0.5,0.6000000238418579,0.14814814925193787,75,7,14,25-50%,"(0.575,0.625]",0.615526324824283
control,NA,NA,0.7962962985038757,94,10,14,NA,NA,NA
team_mix,0.5,0.699999988079071,0.7962962985038757,99,8,12,25-50%,"(0.675,0.7]",0.699999988079071
team_hom,0,0.5249999761581421,0.14814814925193787,83,0,6,NA,"(0.35,0.525]",0.49381187086058137
team_mix,0.25,0.699999988079071,0.3181818127632141,88,12,19,0-25%,"(0.675,0.7]",0.699999988079071
team_mix,0.75,0.75,0.07692307978868484,89,1,2,50-75%,"(0.725,0.775]",0.7600446332778249
team_mix,0.5,0.5,0.696969747543335,86,4,7,25-50%,"(0.35,0.525]",0.49381187086058137
team_mix,0.5,0.699999988079071,0.9230769276618958,96,2,5,25-50%,"(0.675,0.7]",0.699999988079071
control,NA,NA,0.36666667461395264,92,6,11,NA,NA,NA
team_mix,0.75,0.625,0.696969747543335,85,5,31,50-75%,"(0.575,0.625]",0.615526324824283
control,NA,NA,0.696969747543335,87,3,7,NA,NA,NA
team_mix,1,0.550000011920929,0.7307692170143127,85,2,9,75-100%,"(0.525,0.575]",0.5640410944207074
team_mix,1,0.574999988079071,0.7352941036224365,81,7,18,75-100%,"(0.525,0.575]",0.5640410944207074
control,NA,NA,0.7352941036224365,75,1,10,NA,NA,NA
team_mix,1,0.5249999761581421,0.7307692170143127,77,5,10,75-100%,"(0.35,0.525]",0.49381187086058137
control,NA,NA,0.696969747543335,75,1,2,NA,NA,NA
control,NA,NA,0.523809552192688,72,0,7,NA,NA,NA
control,NA,NA,0.35820895433425903,65,2,2,NA,NA,NA
team_mix,1,0.75,0.8999999761581421,93,0,7,75-100%,"(0.725,0.775]",0.7600446332778249
team_mix,0.75,0.42500001192092896,0.35820895433425903,81,0,0,50-75%,"(0.35,0.525]",0.49381187086058137
control,NA,NA,0.8999999761581421,92,NA,NA,NA,NA,NA
team_mix,0.75,0.44999998807907104,0.35820895433425903,77,8,10,50-75%,"(0.35,0.525]",0.49381187086058137
control,NA,NA,0.35820895433425903,85,0,0,NA,NA,NA
control,NA,NA,0.35820895433425903,100,0,3,NA,NA,NA
control,NA,NA,0.35820895433425903,105,12,16,NA,NA,NA
team_mix,0.75,0.625,0.35820895433425903,80,2,5,50-75%,"(0.575,0.625]",0.615526324824283
control,NA,NA,0.36666667461395264,96,NA,NA,NA,NA,NA
team_mix,0.5,0.675000011920929,0.8604651689529419,78,13,22,25-50%,"(0.65,0.675]",0.675000011920929
team_mix,1,0.6000000238418579,0.8823529481887817,83,24,47,75-100%,"(0.575,0.625]",0.615526324824283
team_hom,0,0.675000011920929,0.8604651689529419,76,4,13,NA,"(0.65,0.675]",0.675000011920929
team_mix,0.25,0.6000000238418579,0.8604651689529419,87,8,23,0-25%,"(0.575,0.625]",0.615526324824283
control,NA,NA,0.8823529481887817,85,20,21,NA,NA,NA
team_mix,1,0.675000011920929,0.8461538553237915,86,16,28,75-100%,"(0.65,0.675]",0.675000011920929
control,NA,NA,0.36666667461395264,100,2,3,NA,NA,NA
team_mix,1,0.6499999761581421,0.7962962985038757,99,3,8,75-100%,"(0.625,0.65]",0.6499999761581421
team_hom,0,0.800000011920929,0.35483869910240173,67,4,11,NA,"(0.775,0.8]",0.800000011920929
control,NA,NA,0.7962962985038757,96,4,17,NA,NA,NA
team_mix,0.5,0.800000011920929,0.5357142686843872,88,18,18,25-50%,"(0.775,0.8]",0.800000011920929
team_hom,0,0.800000011920929,0.7962962985038757,94,1,4,NA,"(0.775,0.8]",0.800000011920929
team_mix,0.75,0.7749999761581421,0.14814814925193787,86,2,3,50-75%,"(0.725,0.775]",0.7600446332778249
control,NA,NA,0.8461538553237915,83,7,18,NA,NA,NA
team_hom,0,0.550000011920929,0.261904776096344,92,7,9,NA,"(0.525,0.575]",0.5640410944207074
control,NA,NA,0.8604651689529419,106,2,8,NA,NA,NA
team_mix,0.75,0.7250000238418579,0.8604651689529419,101,8,22,50-75%,"(0.7,0.725]",0.7250000238418579
team_mix,0.5,0.6499999761581421,0.14814814925193787,67,2,3,25-50%,"(0.625,0.65]",0.6499999761581421
control,NA,NA,0.8571428656578064,92,3,7,NA,NA,NA
control,NA,NA,0.515625,101,1,4,NA,NA,NA
control,NA,NA,0.515625,85,0,2,NA,NA,NA
team_mix,1,0.7749999761581421,0.4642857313156128,97,7,8,75-100%,"(0.725,0.775]",0.7600446332778249
control,NA,NA,0.515625,100,1,2,NA,NA,NA
team_mix,0.5,0.8500000238418579,0.07692307978868484,94,8,14,25-50%,"(0.8,0.975]",0.8523437511175871
team_hom,0,0.699999988079071,0.07692307978868484,72,8,15,NA,"(0.675,0.7]",0.699999988079071
control,NA,NA,0.8823529481887817,96,6,17,NA,NA,NA
control,NA,NA,0.35820895433425903,83,0,0,NA,NA,NA
team_mix,0.5,0.800000011920929,0.07692307978868484,74,1,5,25-50%,"(0.775,0.8]",0.800000011920929
team_mix,0.5,0.7250000238418579,0.3731343448162079,79,20,20,25-50%,"(0.7,0.725]",0.7250000238418579
team_mix,1,0.6000000238418579,0.515625,101,2,5,75-100%,"(0.575,0.625]",0.615526324824283
control,NA,NA,0.35820895433425903,94,5,5,NA,NA,NA
team_mix,1,0.75,0.07692307978868484,90,1,4,75-100%,"(0.725,0.775]",0.7600446332778249
team_hom,0,0.625,0.3731343448162079,87,3,6,NA,"(0.575,0.625]",0.615526324824283
team_mix,0.5,0.675000011920929,0.3731343448162079,81,5,5,25-50%,"(0.65,0.675]",0.675000011920929
team_hom,0,0.5249999761581421,0.515625,83,6,14,NA,"(0.35,0.525]",0.49381187086058137
team_mix,0.5,0.800000011920929,0.575757622718811,90,7,14,25-50%,"(0.775,0.8]",0.800000011920929
team_hom,0,0.7250000238418579,0.07692307978868484,77,16,21,NA,"(0.7,0.725]",0.7250000238418579
team_mix,1,0.6499999761581421,0.07692307978868484,68,2,11,75-100%,"(0.625,0.65]",0.6499999761581421
team_mix,1,0.5249999761581421,0.575757622718811,89,1,1,75-100%,"(0.35,0.525]",0.49381187086058137
control,NA,NA,0.550000011920929,82,7,7,NA,NA,NA
control,NA,NA,0.8823529481887817,75,1,2,NA,NA,NA
team_hom,0,0.675000011920929,0.523809552192688,76,9,11,NA,"(0.65,0.675]",0.675000011920929
control,NA,NA,0.9047619104385376,78,2,4,NA,NA,NA
control,NA,NA,0.3731343448162079,57,0,1,NA,NA,NA
team_hom,0,0.675000011920929,0.3731343448162079,78,3,7,NA,"(0.65,0.675]",0.675000011920929
control,NA,NA,0.07692307978868484,78,1,2,NA,NA,NA
control,NA,NA,0.515625,99,3,4,NA,NA,NA
team_mix,0.75,0.42500001192092896,0.35820895433425903,75,NA,NA,50-75%,"(0.35,0.525]",0.49381187086058137
control,NA,NA,0,83,0,1,NA,NA,NA
team_hom,0,0.7250000238418579,0.696969747543335,91,0,0,NA,"(0.7,0.725]",0.7250000238418579
team_mix,0.5,0.75,0,77,4,11,25-50%,"(0.725,0.775]",0.7600446332778249
team_hom,0,0.800000011920929,0.07692307978868484,74,3,10,NA,"(0.775,0.8]",0.800000011920929
control,NA,NA,0.47058823704719543,93,4,4,NA,NA,NA
team_hom,0,0.6499999761581421,0.5357142686843872,77,2,6,NA,"(0.625,0.65]",0.6499999761581421
control,NA,NA,0.40740740299224854,90,0,0,NA,NA,NA
team_hom,0,0.875,0.5714285969734192,90,4,7,NA,"(0.8,0.975]",0.8523437511175871
team_hom,0,0.675000011920929,0.6567164063453674,69,0,1,NA,"(0.65,0.675]",0.675000011920929
team_mix,0.5,0.6499999761581421,0.40740740299224854,81,1,1,25-50%,"(0.625,0.65]",0.6499999761581421
team_mix,0.75,0.699999988079071,0.4571428596973419,93,0,1,50-75%,"(0.675,0.7]",0.699999988079071
control,NA,NA,0.696969747543335,82,4,5,NA,NA,NA
team_hom,0,0.675000011920929,0.4571428596973419,90,13,17,NA,"(0.65,0.675]",0.675000011920929
team_hom,0,0.675000011920929,0.5714285969734192,75,0,0,NA,"(0.65,0.675]",0.675000011920929
team_hom,0,0.625,0.47058823704719543,103,11,26,NA,"(0.575,0.625]",0.615526324824283
team_mix,0.25,0.6000000238418579,0.5714285969734192,73,1,1,0-25%,"(0.575,0.625]",0.615526324824283
team_mix,0.25,0.699999988079071,0.5714285969734192,83,0,1,0-25%,"(0.675,0.7]",0.699999988079071
team_mix,1,0.7250000238418579,0.40740740299224854,84,0,3,75-100%,"(0.7,0.725]",0.7250000238418579
control,NA,NA,0.35483869910240173,88,0,8,NA,NA,NA
team_hom,0,0.675000011920929,0.696969747543335,86,5,8,NA,"(0.65,0.675]",0.675000011920929
team_mix,0.75,0.675000011920929,0.261904776096344,87,4,8,50-75%,"(0.65,0.675]",0.675000011920929
team_mix,0.75,0.699999988079071,0.35483869910240173,84,2,5,50-75%,"(0.675,0.7]",0.699999988079071
team_mix,0.75,0.824999988079071,0.4571428596973419,72,0,4,50-75%,"(0.8,0.975]",0.8523437511175871
team_hom,0,0.625,0.761904776096344,77,0,4,NA,"(0.575,0.625]",0.615526324824283
control,NA,NA,0.07692307978868484,80,0,1,NA,NA,NA
control,NA,NA,0.261904776096344,92,0,0,NA,NA,NA
control,NA,NA,0.3181818127632141,86,3,6,NA,NA,NA
control,NA,NA,0.35483869910240173,58,0,0,NA,NA,NA
team_hom,0,0.800000011920929,0,92,3,6,NA,"(0.775,0.8]",0.800000011920929
control,NA,NA,0.261904776096344,90,0,3,NA,NA,NA
control,NA,NA,0.5714285969734192,90,2,9,NA,NA,NA
control,NA,NA,0.261904776096344,81,1,2,NA,NA,NA
team_hom,0,0.6499999761581421,0,86,0,3,NA,"(0.625,0.65]",0.6499999761581421
control,NA,NA,0.4000000059604645,100,3,3,NA,NA,NA
team_mix,0.5,0.675000011920929,0.6567164063453674,84,4,4,25-50%,"(0.65,0.675]",0.675000011920929
control,NA,NA,0.8214285373687744,84,0,2,NA,NA,NA
team_mix,1,0.625,0.16129031777381897,86,0,7,75-100%,"(0.575,0.625]",0.615526324824283
control,NA,NA,0.949999988079071,88,4,21,NA,NA,NA
team_mix,0.25,0.7250000238418579,0.703125,82,2,29,0-25%,"(0.7,0.725]",0.7250000238418579
control,NA,NA,0.35483869910240173,87,5,25,NA,NA,NA
team_mix,1,0.675000011920929,0.47058823704719543,95,3,15,75-100%,"(0.65,0.675]",0.675000011920929
team_hom,0,0.824999988079071,0.40740740299224854,95,0,1,NA,"(0.8,0.975]",0.8523437511175871
team_mix,0.25,0.75,0.7307692170143127,82,0,3,0-25%,"(0.725,0.775]",0.7600446332778249
team_hom,0,0.7250000238418579,0.4571428596973419,85,3,7,NA,"(0.7,0.725]",0.7250000238418579
team_hom,0,0.675000011920929,0.35483869910240173,91,0,2,NA,"(0.65,0.675]",0.675000011920929
control,NA,NA,0.5357142686843872,81,1,1,NA,NA,NA
control,NA,NA,0.6666666865348816,73,5,10,NA,NA,NA
team_hom,0,0.625,0.47058823704719543,96,NA,NA,NA,"(0.575,0.625]",0.615526324824283
team_mix,0.75,0.824999988079071,0.47826087474823,99,2,2,50-75%,"(0.8,0.975]",0.8523437511175871
team_mix,0.5,0.699999988079071,0.40740740299224854,88,1,1,25-50%,"(0.675,0.7]",0.699999988079071
team_mix,0.75,0.7250000238418579,0.7962962985038757,88,4,7,50-75%,"(0.7,0.725]",0.7250000238418579
control,NA,NA,0.75,75,4,9,NA,NA,NA
control,NA,NA,0.47058823704719543,75,0,1,NA,NA,NA
control,NA,NA,0.5714285969734192,84,1,5,NA,NA,NA
team_mix,0.5,0.75,0.47058823704719543,89,3,6,25-50%,"(0.725,0.775]",0.7600446332778249
control,NA,NA,0.5357142686843872,68,3,4,NA,NA,NA
control,NA,NA,0.35483869910240173,77,5,7,NA,NA,NA
team_mix,0.75,0.675000011920929,0.07692307978868484,86,3,3,50-75%,"(0.65,0.675]",0.675000011920929
team_mix,0.5,0.6000000238418579,0.4571428596973419,79,1,5,25-50%,"(0.575,0.625]",0.615526324824283
team_hom,0,0.800000011920929,0.40740740299224854,87,NA,NA,NA,"(0.775,0.8]",0.800000011920929
team_mix,0.5,0.5,0.8214285373687744,69,4,7,25-50%,"(0.35,0.525]",0.49381187086058137
team_hom,0,0.5249999761581421,0.4000000059604645,85,0,4,NA,"(0.35,0.525]",0.49381187086058137
team_mix,1,0.6000000238418579,0.3181818127632141,92,4,10,75-100%,"(0.575,0.625]",0.615526324824283
control,NA,NA,0.47826087474823,69,1,1,NA,NA,NA
team_hom,0,0.574999988079071,0.703125,99,0,1,NA,"(0.525,0.575]",0.5640410944207074
control,NA,NA,0.16129031777381897,86,6,11,NA,NA,NA
team_mix,1,0.699999988079071,0.703125,100,5,5,75-100%,"(0.675,0.7]",0.699999988079071
control,NA,NA,0,82,3,3,NA,NA,NA
control,NA,NA,0.36666667461395264,79,3,6,NA,NA,NA
team_hom,0,0.625,0,88,2,11,NA,"(0.575,0.625]",0.615526324824283
control,NA,NA,0,83,3,3,NA,NA,NA
team_hom,0,0.6499999761581421,0,82,1,1,NA,"(0.625,0.65]",0.6499999761581421
control,NA,NA,0.36666667461395264,82,2,3,NA,NA,NA
team_mix,1,0.625,0,87,0,2,75-100%,"(0.575,0.625]",0.615526324824283
team_hom,0,0.675000011920929,0,89,0,2,NA,"(0.65,0.675]",0.675000011920929
control,NA,NA,0.47058823704719543,97,1,2,NA,NA,NA
control,NA,NA,0.761904776096344,87,1,2,NA,NA,NA
control,NA,NA,0.8214285373687744,68,3,7,NA,NA,NA
team_mix,0.75,0.574999988079071,0.14814814925193787,82,4,10,50-75%,"(0.525,0.575]",0.5640410944207074
team_mix,0.5,0.6499999761581421,0.4000000059604645,74,0,0,25-50%,"(0.625,0.65]",0.6499999761581421
control,NA,NA,0.7307692170143127,81,2,4,NA,NA,NA
team_mix,0.75,0.7749999761581421,0.40740740299224854,82,0,2,50-75%,"(0.725,0.775]",0.7600446332778249
team_hom,0,0.675000011920929,0.16129031777381897,85,2,7,NA,"(0.65,0.675]",0.675000011920929
team_mix,0.75,0.6000000238418579,0.4571428596973419,81,0,8,50-75%,"(0.575,0.625]",0.615526324824283
team_mix,0.75,0.5249999761581421,0.47058823704719543,86,2,2,50-75%,"(0.35,0.525]",0.49381187086058137
team_mix,0.75,0.625,0.47826087474823,86,8,15,50-75%,"(0.575,0.625]",0.615526324824283
team_hom,0,0.5249999761581421,0.14814814925193787,86,6,12,NA,"(0.35,0.525]",0.49381187086058137
team_mix,0.75,0.42500001192092896,0.36666667461395264,97,6,31,50-75%,"(0.35,0.525]",0.49381187086058137
control,NA,NA,0.47058823704719543,106,3,5,NA,NA,NA
control,NA,NA,0.4000000059604645,76,4,4,NA,NA,NA
control,NA,NA,0.261904776096344,96,0,0,NA,NA,NA
control,NA,NA,0.47058823704719543,62,1,3,NA,NA,NA
team_hom,0,0.800000011920929,0,98,1,1,NA,"(0.775,0.8]",0.800000011920929
control,NA,NA,0.5357142686843872,70,NA,NA,NA,NA,NA
team_hom,0,0.5249999761581421,0.36666667461395264,86,2,5,NA,"(0.35,0.525]",0.49381187086058137
team_mix,0.5,0.800000011920929,0.5357142686843872,79,0,1,25-50%,"(0.775,0.8]",0.800000011920929
team_mix,0.5,0.6499999761581421,0.07692307978868484,81,19,29,25-50%,"(0.625,0.65]",0.6499999761581421
control,NA,NA,0.14814814925193787,93,8,23,NA,NA,NA
team_hom,0,0.574999988079071,0.261904776096344,72,0,3,NA,"(0.525,0.575]",0.5640410944207074
control,NA,NA,0.35483869910240173,79,4,8,NA,NA,NA
team_mix,0.75,0.675000011920929,0.07692307978868484,74,6,11,50-75%,"(0.65,0.675]",0.675000011920929
team_hom,0,0.6499999761581421,0.5357142686843872,71,3,7,NA,"(0.625,0.65]",0.6499999761581421
team_hom,0,0.800000011920929,0.8461538553237915,105,2,7,NA,"(0.775,0.8]",0.800000011920929
team_mix,0.25,0.7250000238418579,0.261904776096344,80,0,2,0-25%,"(0.7,0.725]",0.7250000238418579
team_mix,1,0.675000011920929,0,82,0,0,75-100%,"(0.65,0.675]",0.675000011920929
team_mix,1,0.8500000238418579,0.5357142686843872,79,7,13,75-100%,"(0.8,0.975]",0.8523437511175871
team_mix,0.5,0.7749999761581421,0.14814814925193787,86,0,0,25-50%,"(0.725,0.775]",0.7600446332778249
team_hom,0,0.824999988079071,0.40740740299224854,82,12,25,NA,"(0.8,0.975]",0.8523437511175871
team_mix,0.75,0.5249999761581421,0.16129031777381897,90,4,6,50-75%,"(0.35,0.525]",0.49381187086058137
team_hom,0,0.824999988079071,0.07692307978868484,88,4,5,NA,"(0.8,0.975]",0.8523437511175871
control,NA,NA,0.14814814925193787,96,1,2,NA,NA,NA
control,NA,NA,0.4000000059604645,82,2,5,NA,NA,NA
control,NA,NA,0.16129031777381897,86,0,0,NA,NA,NA
team_hom,0,0.675000011920929,0.35483869910240173,96,4,5,NA,"(0.65,0.675]",0.675000011920929
team_hom,0,0.7250000238418579,0.4571428596973419,75,1,1,NA,"(0.7,0.725]",0.7250000238418579
team_mix,0.75,0.675000011920929,0.5714285969734192,87,1,5,50-75%,"(0.65,0.675]",0.675000011920929
team_mix,0.5,0.7250000238418579,0.261904776096344,69,0,1,25-50%,"(0.7,0.725]",0.7250000238418579
control,NA,NA,0.703125,112,2,2,NA,NA,NA
control,NA,NA,0,95,5,8,NA,NA,NA
team_mix,0.5,0.699999988079071,0,81,0,0,25-50%,"(0.675,0.7]",0.699999988079071
team_mix,0.25,0.7250000238418579,0.6567164063453674,88,4,7,0-25%,"(0.7,0.725]",0.7250000238418579
control,NA,NA,0.703125,88,1,2,NA,NA,NA
team_mix,1,0.9750000238418579,0,93,1,11,75-100%,"(0.8,0.975]",0.8523437511175871
team_hom,0,0.6499999761581421,0.6567164063453674,84,NA,NA,NA,"(0.625,0.65]",0.6499999761581421
team_mix,1,0.699999988079071,0.07692307978868484,86,2,11,75-100%,"(0.675,0.7]",0.699999988079071
control,NA,NA,0,89,5,8,NA,NA,NA
team_hom,0,0.800000011920929,0,80,5,14,NA,"(0.775,0.8]",0.800000011920929
control,NA,NA,0.4571428596973419,69,8,26,NA,NA,NA
team_hom,0,0.6499999761581421,0.6567164063453674,87,3,10,NA,"(0.625,0.65]",0.6499999761581421
team_mix,0.5,0.75,0,86,4,4,25-50%,"(0.725,0.775]",0.7600446332778249
team_hom,0,0.6499999761581421,0.47058823704719543,92,12,12,NA,"(0.625,0.65]",0.6499999761581421
team_mix,1,0.574999988079071,0.07692307978868484,88,0,0,75-100%,"(0.525,0.575]",0.5640410944207074
team_mix,0.75,0.6000000238418579,0.4571428596973419,87,1,2,50-75%,"(0.575,0.625]",0.615526324824283
team_mix,0.5,0.7749999761581421,0.5357142686843872,82,5,15,25-50%,"(0.725,0.775]",0.7600446332778249
team_hom,0,0.7250000238418579,0.4571428596973419,56,4,6,NA,"(0.7,0.725]",0.7250000238418579
team_mix,0.5,0.75,0.75,77,2,8,25-50%,"(0.725,0.775]",0.7600446332778249
team_mix,0.75,0.625,0.47826087474823,105,3,6,50-75%,"(0.575,0.625]",0.615526324824283
control,NA,NA,0.261904776096344,92,2,4,NA,NA,NA
team_mix,0.75,0.6499999761581421,0,81,8,20,50-75%,"(0.625,0.65]",0.6499999761581421
team_hom,0,0.550000011920929,0.703125,92,0,0,NA,"(0.525,0.575]",0.5640410944207074
control,NA,NA,0,86,2,13,NA,NA,NA
control,NA,NA,0.5714285969734192,88,NA,NA,NA,NA,NA
team_mix,0.25,0.625,0.14814814925193787,90,1,5,0-25%,"(0.575,0.625]",0.615526324824283
control,NA,NA,0.3181818127632141,92,0,0,NA,NA,NA
control,NA,NA,0.5357142686843872,70,2,7,NA,NA,NA
control,NA,NA,0.4000000059604645,88,3,5,NA,NA,NA
team_mix,0.75,0.875,0.35483869910240173,105,7,15,50-75%,"(0.8,0.975]",0.8523437511175871
team_mix,0.75,0.6000000238418579,0.6567164063453674,100,4,11,50-75%,"(0.575,0.625]",0.615526324824283
team_hom,0,0.675000011920929,0.35483869910240173,84,6,8,NA,"(0.65,0.675]",0.675000011920929
team_mix,1,0.6499999761581421,0.16129031777381897,75,2,4,75-100%,"(0.625,0.65]",0.6499999761581421
team_mix,0.25,0.625,0.14814814925193787,74,3,12,0-25%,"(0.575,0.625]",0.615526324824283
team_mix,0.5,0.699999988079071,0.47826087474823,93,0,12,25-50%,"(0.675,0.7]",0.699999988079071
team_mix,1,0.4749999940395355,0.8214285373687744,84,15,20,75-100%,"(0.35,0.525]",0.49381187086058137
team_hom,0,0.6499999761581421,0.16129031777381897,96,8,22,NA,"(0.625,0.65]",0.6499999761581421
team_mix,0.5,0.675000011920929,0.5714285969734192,85,NA,NA,25-50%,"(0.65,0.675]",0.675000011920929
control,NA,NA,0.16129031777381897,73,0,0,NA,NA,NA
control,NA,NA,0.36666667461395264,66,0,0,NA,NA,NA
team_mix,0.5,0.6000000238418579,0.47826087474823,88,4,7,25-50%,"(0.575,0.625]",0.615526324824283
control,NA,NA,0.36666667461395264,88,1,1,NA,NA,NA
control,NA,NA,0.47826087474823,96,0,0,NA,NA,NA
team_mix,0.5,0.699999988079071,0.696969747543335,93,NA,NA,25-50%,"(0.675,0.7]",0.699999988079071
team_mix,1,0.6499999761581421,0.4571428596973419,99,7,24,75-100%,"(0.625,0.65]",0.6499999761581421
team_mix,0.75,0.675000011920929,0.261904776096344,90,1,4,50-75%,"(0.65,0.675]",0.675000011920929
team_hom,0,0.625,0.36666667461395264,81,0,2,NA,"(0.575,0.625]",0.615526324824283
control,NA,NA,0.703125,89,3,6,NA,NA,NA
control,NA,NA,0.761904776096344,85,0,4,NA,NA,NA
control,NA,NA,0.6567164063453674,82,0,0,NA,NA,NA
team_hom,0,0.675000011920929,0.4571428596973419,72,2,17,NA,"(0.65,0.675]",0.675000011920929
control,NA,NA,0.35483869910240173,86,2,3,NA,NA,NA
team_hom,0,0.6499999761581421,0.6567164063453674,85,0,4,NA,"(0.625,0.65]",0.6499999761581421
control,NA,NA,0.75,72,0,6,NA,NA,NA
control,NA,NA,0.16129031777381897,74,2,3,NA,NA,NA
team_mix,0.5,0.75,0.35483869910240173,82,8,13,25-50%,"(0.725,0.775]",0.7600446332778249
team_hom,0,0.875,0.3181818127632141,82,2,2,NA,"(0.8,0.975]",0.8523437511175871
team_mix,0.25,0.7250000238418579,0.261904776096344,86,0,0,0-25%,"(0.7,0.725]",0.7250000238418579
control,NA,NA,0.261904776096344,64,0,0,NA,NA,NA
team_hom,0,0.550000011920929,0.261904776096344,78,0,0,NA,"(0.525,0.575]",0.5640410944207074
control,NA,NA,0.9230769276618958,93,13,16,NA,NA,NA
team_mix,0.75,0.75,0.8461538553237915,87,9,15,50-75%,"(0.725,0.775]",0.7600446332778249
team_mix,0.75,0.6000000238418579,0.16129031777381897,90,2,3,50-75%,"(0.575,0.625]",0.615526324824283
team_hom,0,0.550000011920929,0.261904776096344,76,5,17,NA,"(0.525,0.575]",0.5640410944207074
control,NA,NA,0.36666667461395264,90,3,8,NA,NA,NA
control,NA,NA,0.8461538553237915,73,1,1,NA,NA,NA
control,NA,NA,0.696969747543335,82,11,23,NA,NA,NA
control,NA,NA,0.6567164063453674,94,0,0,NA,NA,NA
team_mix,0.5,0.699999988079071,0.5357142686843872,65,1,1,25-50%,"(0.675,0.7]",0.699999988079071
team_hom,0,0.75,0.6567164063453674,97,0,5,NA,"(0.725,0.775]",0.7600446332778249
control,NA,NA,0.6567164063453674,100,0,0,NA,NA,NA
team_hom,0,0.625,0.5357142686843872,80,2,5,NA,"(0.575,0.625]",0.615526324824283
team_hom,0,0.75,0.6567164063453674,82,8,9,NA,"(0.725,0.775]",0.7600446332778249
control,NA,NA,0,84,2,6,NA,NA,NA
team_mix,1,0.75,0,78,3,9,75-100%,"(0.725,0.775]",0.7600446332778249
team_mix,0.25,0.75,0.16129031777381897,102,0,1,0-25%,"(0.725,0.775]",0.7600446332778249
team_hom,0,0.675000011920929,0.47826087474823,80,9,10,NA,"(0.65,0.675]",0.675000011920929
team_mix,1,0.550000011920929,0.261904776096344,91,1,1,75-100%,"(0.525,0.575]",0.5640410944207074
control,NA,NA,0,80,0,3,NA,NA,NA
team_mix,0.5,0.6000000238418579,0.4000000059604645,83,3,5,25-50%,"(0.575,0.625]",0.615526324824283
control,NA,NA,0.261904776096344,85,0,1,NA,NA,NA
team_mix,0.75,0.6499999761581421,0.261904776096344,93,0,7,50-75%,"(0.625,0.65]",0.6499999761581421
control,NA,NA,0.40740740299224854,82,3,4,NA,NA,NA
control,NA,NA,0.703125,80,1,7,NA,NA,NA
team_mix,0.75,0.7749999761581421,0.40740740299224854,71,0,7,50-75%,"(0.725,0.775]",0.7600446332778249
control,NA,NA,0.47058823704719543,77,2,10,NA,NA,NA
control,NA,NA,0,90,3,6,NA,NA,NA
control,NA,NA,0.7307692170143127,101,1,6,NA,NA,NA
control,NA,NA,0.3181818127632141,66,0,0,NA,NA,NA
team_hom,0,0.824999988079071,0.40740740299224854,74,0,9,NA,"(0.8,0.975]",0.8523437511175871
team_hom,0,0.675000011920929,0.4571428596973419,99,0,11,NA,"(0.65,0.675]",0.675000011920929
team_hom,0,0.875,0.5714285969734192,76,3,8,NA,"(0.8,0.975]",0.8523437511175871
control,NA,NA,0.36666667461395264,92,NA,NA,NA,NA,NA
team_mix,1,0.7749999761581421,0.35483869910240173,75,NA,NA,75-100%,"(0.725,0.775]",0.7600446332778249
team_mix,0.75,0.5249999761581421,0.16129031777381897,73,0,0,50-75%,"(0.35,0.525]",0.49381187086058137
team_mix,1,0.6499999761581421,0.5357142686843872,67,5,8,75-100%,"(0.625,0.65]",0.6499999761581421
control,NA,NA,0.40740740299224854,84,0,1,NA,NA,NA
control,NA,NA,0.6567164063453674,96,0,3,NA,NA,NA
control,NA,NA,0.16129031777381897,97,0,0,NA,NA,NA
team_mix,0.5,0.675000011920929,0.16129031777381897,77,4,12,25-50%,"(0.65,0.675]",0.675000011920929
team_mix,0.75,0.824999988079071,0.40740740299224854,83,6,10,50-75%,"(0.8,0.975]",0.8523437511175871
team_mix,0.5,0.6499999761581421,0.7962962985038757,86,0,3,25-50%,"(0.625,0.65]",0.6499999761581421
control,NA,NA,0.6567164063453674,83,0,0,NA,NA,NA
team_mix,0.75,0.42500001192092896,0.4000000059604645,89,3,7,50-75%,"(0.35,0.525]",0.49381187086058137
team_mix,0.25,0.699999988079071,0.3181818127632141,80,7,7,0-25%,"(0.675,0.7]",0.699999988079071
team_mix,0.75,0.699999988079071,0.47826087474823,77,0,0,50-75%,"(0.675,0.7]",0.699999988079071
team_mix,0.75,0.699999988079071,0.35483869910240173,81,2,8,50-75%,"(0.675,0.7]",0.699999988079071
team_mix,0.75,0.6000000238418579,0.16129031777381897,85,14,17,50-75%,"(0.575,0.625]",0.615526324824283
team_mix,1,0.574999988079071,0.3181818127632141,85,17,30,75-100%,"(0.525,0.575]",0.5640410944207074
team_hom,0,0.6499999761581421,0.16129031777381897,99,1,4,NA,"(0.625,0.65]",0.6499999761581421
team_hom,0,0.675000011920929,0.3181818127632141,80,NA,NA,NA,"(0.65,0.675]",0.675000011920929
team_mix,0.5,0.7749999761581421,0,86,1,5,25-50%,"(0.725,0.775]",0.7600446332778249
team_hom,0,0.7250000238418579,0.47826087474823,87,1,6,NA,"(0.7,0.725]",0.7250000238418579
control,NA,NA,0.35483869910240173,90,3,3,NA,NA,NA
team_mix,0.25,0.6000000238418579,0.5714285969734192,84,2,5,0-25%,"(0.575,0.625]",0.615526324824283
control,NA,NA,0.14814814925193787,87,0,3,NA,NA,NA
control,NA,NA,0.14814814925193787,97,1,5,NA,NA,NA
team_mix,1,0.800000011920929,0.261904776096344,78,3,4,75-100%,"(0.775,0.8]",0.800000011920929
team_hom,0,0.574999988079071,0.261904776096344,95,11,25,NA,"(0.525,0.575]",0.5640410944207074
team_mix,0.25,0.6000000238418579,0.5714285969734192,76,3,14,0-25%,"(0.575,0.625]",0.615526324824283
team_mix,0.75,0.7250000238418579,0.4000000059604645,84,5,5,50-75%,"(0.7,0.725]",0.7250000238418579
control,NA,NA,0.16129031777381897,79,0,2,NA,NA,NA
team_mix,0.75,0.574999988079071,0.36666667461395264,100,6,20,50-75%,"(0.525,0.575]",0.5640410944207074
team_mix,0.25,0.625,0.36666667461395264,100,0,5,0-25%,"(0.575,0.625]",0.615526324824283
team_mix,1,0.675000011920929,0.261904776096344,90,3,8,75-100%,"(0.65,0.675]",0.675000011920929
team_hom,0,0.675000011920929,0.35483869910240173,82,1,1,NA,"(0.65,0.675]",0.675000011920929
control,NA,NA,0.07692307978868484,94,1,1,NA,NA,NA
control,NA,NA,0.261904776096344,65,0,1,NA,NA,NA
team_mix,0.25,0.7250000238418579,0.6567164063453674,82,1,1,0-25%,"(0.7,0.725]",0.7250000238418579
control,NA,NA,0.35483869910240173,83,0,7,NA,NA,NA
control,NA,NA,0.36666667461395264,87,2,4,NA,NA,NA
team_mix,0.75,0.875,0,99,1,4,50-75%,"(0.8,0.975]",0.8523437511175871
control,NA,NA,0.703125,82,7,21,NA,NA,NA
team_mix,0.75,0.7250000238418579,0.3181818127632141,79,4,10,50-75%,"(0.7,0.725]",0.7250000238418579
team_mix,0.75,0.6499999761581421,0.8823529481887817,93,1,12,50-75%,"(0.625,0.65]",0.6499999761581421
control,NA,NA,0.8461538553237915,88,0,2,NA,NA,NA
team_hom,0,0.625,0,82,0,1,NA,"(0.575,0.625]",0.615526324824283
team_mix,0.75,0.4749999940395355,0.261904776096344,81,0,3,50-75%,"(0.35,0.525]",0.49381187086058137
team_hom,0,0.625,0.4000000059604645,70,2,4,NA,"(0.575,0.625]",0.615526324824283
team_mix,0.75,0.675000011920929,0.703125,94,0,3,50-75%,"(0.65,0.675]",0.675000011920929
control,NA,NA,0.9523809552192688,81,2,8,NA,NA,NA
team_mix,0.75,0.7250000238418579,0.14814814925193787,84,9,15,50-75%,"(0.7,0.725]",0.7250000238418579
team_hom,0,0.550000011920929,0.261904776096344,77,0,2,NA,"(0.525,0.575]",0.5640410944207074
control,NA,NA,0.8214285373687744,67,1,5,NA,NA,NA
team_mix,0.25,0.7250000238418579,0.16129031777381897,76,2,3,0-25%,"(0.7,0.725]",0.7250000238418579
team_mix,1,0.6499999761581421,0.4571428596973419,80,5,13,75-100%,"(0.625,0.65]",0.6499999761581421
team_mix,1,0.675000011920929,0.3181818127632141,80,1,5,75-100%,"(0.65,0.675]",0.675000011920929
team_mix,0.5,0.7749999761581421,0.36666667461395264,87,2,3,25-50%,"(0.725,0.775]",0.7600446332778249
control,NA,NA,0.6567164063453674,87,0,0,NA,NA,NA
team_hom,0,0.75,0.16129031777381897,85,0,1,NA,"(0.725,0.775]",0.7600446332778249
team_mix,0.75,0.6499999761581421,0.949999988079071,61,NA,NA,50-75%,"(0.625,0.65]",0.6499999761581421
team_mix,1,0.6499999761581421,0.703125,98,9,10,75-100%,"(0.625,0.65]",0.6499999761581421
team_hom,0,0.75,0.6567164063453674,83,5,6,NA,"(0.725,0.775]",0.7600446332778249
team_mix,0.75,0.7250000238418579,0.07692307978868484,84,3,9,50-75%,"(0.7,0.725]",0.7250000238418579
team_hom,0,0.824999988079071,0.40740740299224854,70,0,3,NA,"(0.8,0.975]",0.8523437511175871
control,NA,NA,0.6567164063453674,95,1,1,NA,NA,NA
control,NA,NA,0,88,6,16,NA,NA,NA
team_mix,0.75,0.625,0.696969747543335,79,6,21,50-75%,"(0.575,0.625]",0.615526324824283
team_hom,0,0.675000011920929,0.16129031777381897,88,0,0,NA,"(0.65,0.675]",0.675000011920929
control,NA,NA,0,94,10,27,NA,NA,NA
team_hom,0,0.574999988079071,0.703125,80,8,14,NA,"(0.525,0.575]",0.5640410944207074
control,NA,NA,0.703125,87,NA,NA,NA,NA,NA
team_mix,0.5,0.800000011920929,0,91,0,1,25-50%,"(0.775,0.8]",0.800000011920929
team_hom,0,0.875,0.5714285969734192,83,3,16,NA,"(0.8,0.975]",0.8523437511175871
control,NA,NA,0.703125,80,3,6,NA,NA,NA
team_mix,0.5,0.5,0.4571428596973419,93,4,15,25-50%,"(0.35,0.525]",0.49381187086058137
control,NA,NA,0.07692307978868484,90,1,2,NA,NA,NA
control,NA,NA,0.47826087474823,83,0,0,NA,NA,NA
team_mix,0.75,0.7250000238418579,0.3181818127632141,86,0,1,50-75%,"(0.7,0.725]",0.7250000238418579
control,NA,NA,0.4571428596973419,77,3,3,NA,NA,NA
team_mix,0.5,0.6499999761581421,0.14814814925193787,83,2,2,25-50%,"(0.625,0.65]",0.6499999761581421
team_mix,1,0.7749999761581421,0.4571428596973419,83,6,7,75-100%,"(0.725,0.775]",0.7600446332778249
team_mix,1,0.6000000238418579,0.8461538553237915,87,6,15,75-100%,"(0.575,0.625]",0.615526324824283
team_mix,0.25,0.75,0.6567164063453674,85,0,5,0-25%,"(0.725,0.775]",0.7600446332778249
control,NA,NA,0.8461538553237915,93,2,14,NA,NA,NA
control,NA,NA,0.703125,83,2,4,NA,NA,NA
team_mix,0.75,0.4749999940395355,0.703125,87,3,4,50-75%,"(0.35,0.525]",0.49381187086058137
control,NA,NA,0.7307692170143127,92,2,5,NA,NA,NA
team_mix,1,0.6000000238418579,0.47058823704719543,83,1,2,75-100%,"(0.575,0.625]",0.615526324824283
team_hom,0,0.675000011920929,0.16129031777381897,87,0,0,NA,"(0.65,0.675]",0.675000011920929
team_mix,1,0.675000011920929,0.75,83,2,5,75-100%,"(0.65,0.675]",0.675000011920929
team_hom,0,0.625,0.14814814925193787,81,0,5,NA,"(0.575,0.625]",0.615526324824283
control,NA,NA,0.16129031777381897,88,0,0,NA,NA,NA
team_mix,0.25,0.75,0.6567164063453674,100,0,10,0-25%,"(0.725,0.775]",0.7600446332778249
team_mix,1,0.5249999761581421,0.5714285969734192,79,6,19,75-100%,"(0.35,0.525]",0.49381187086058137
team_mix,0.5,0.7250000238418579,0.703125,95,1,3,25-50%,"(0.7,0.725]",0.7250000238418579
team_mix,0.75,0.824999988079071,0.40740740299224854,96,8,12,50-75%,"(0.8,0.975]",0.8523437511175871
team_mix,0.25,0.625,0.14814814925193787,90,1,2,0-25%,"(0.575,0.625]",0.615526324824283
team_mix,0.5,0.7749999761581421,0.4000000059604645,66,3,8,25-50%,"(0.725,0.775]",0.7600446332778249
control,NA,NA,0.6567164063453674,65,NA,NA,NA,NA,NA
control,NA,NA,0.47058823704719543,106,1,4,NA,NA,NA
team_mix,0.75,0.6499999761581421,0.261904776096344,82,2,10,50-75%,"(0.625,0.65]",0.6499999761581421
team_mix,0.5,0.699999988079071,0.7962962985038757,80,1,7,25-50%,"(0.675,0.7]",0.699999988079071
team_mix,0.75,0.6499999761581421,0.261904776096344,87,7,14,50-75%,"(0.625,0.65]",0.6499999761581421
team_mix,1,0.75,0.7307692170143127,74,3,6,75-100%,"(0.725,0.775]",0.7600446332778249
team_mix,0.25,0.7250000238418579,0.261904776096344,89,3,10,0-25%,"(0.7,0.725]",0.7250000238418579
team_hom,0,0.675000011920929,0.16129031777381897,80,3,7,NA,"(0.65,0.675]",0.675000011920929
control,NA,NA,0.36666667461395264,93,2,3,NA,NA,NA
control,NA,NA,0,97,0,2,NA,NA,NA
team_hom,0,0.625,0.4000000059604645,82,10,12,NA,"(0.575,0.625]",0.615526324824283
control,NA,NA,0.261904776096344,96,0,0,NA,NA,NA
team_mix,0.75,0.6000000238418579,0.6567164063453674,89,1,2,50-75%,"(0.575,0.625]",0.615526324824283
control,NA,NA,0.35483869910240173,101,9,18,NA,NA,NA
team_hom,0,0.800000011920929,0.40740740299224854,91,NA,NA,NA,"(0.775,0.8]",0.800000011920929
team_mix,1,0.625,0.3181818127632141,76,5,9,75-100%,"(0.575,0.625]",0.615526324824283
team_hom,0,0.675000011920929,0.6666666865348816,72,0,0,NA,"(0.65,0.675]",0.675000011920929
control,NA,NA,0.16129031777381897,86,0,0,NA,NA,NA
team_mix,1,0.6000000238418579,0.3181818127632141,77,2,6,75-100%,"(0.575,0.625]",0.615526324824283
team_mix,0.5,0.75,0,59,2,4,25-50%,"(0.725,0.775]",0.7600446332778249
control,NA,NA,0.7962962985038757,74,3,10,NA,NA,NA
team_mix,0.75,0.675000011920929,0.261904776096344,87,1,9,50-75%,"(0.65,0.675]",0.675000011920929
team_mix,1,0.7749999761581421,0.703125,82,7,14,75-100%,"(0.725,0.775]",0.7600446332778249
team_mix,0.25,0.7250000238418579,0.6567164063453674,74,1,3,0-25%,"(0.7,0.725]",0.7250000238418579
control,NA,NA,0.47058823704719543,95,0,0,NA,NA,NA
control,NA,NA,0.761904776096344,64,2,5,NA,NA,NA
team_mix,0.75,0.5249999761581421,0.47058823704719543,100,12,15,50-75%,"(0.35,0.525]",0.49381187086058137
team_hom,0,0.574999988079071,0.261904776096344,87,0,2,NA,"(0.525,0.575]",0.5640410944207074
control,NA,NA,0.47058823704719543,88,0,0,NA,NA,NA
control,NA,NA,0.47058823704719543,85,1,3,NA,NA,NA
control,NA,NA,0.5714285969734192,84,0,10,NA,NA,NA
control,NA,NA,0.7962962985038757,86,0,0,NA,NA,NA
team_mix,0.5,0.699999988079071,0.4571428596973419,84,1,3,25-50%,"(0.675,0.7]",0.699999988079071
control,NA,NA,0.47826087474823,82,0,2,NA,NA,NA
control,NA,NA,0.261904776096344,76,3,10,NA,NA,NA
control,NA,NA,0,89,2,10,NA,NA,NA
team_hom,0,0.75,0.16129031777381897,85,1,1,NA,"(0.725,0.775]",0.7600446332778249
team_mix,0.5,0.6000000238418579,0.14814814925193787,104,6,12,25-50%,"(0.575,0.625]",0.615526324824283
team_hom,0,0.800000011920929,0.35483869910240173,96,6,18,NA,"(0.775,0.8]",0.800000011920929
team_mix,0.5,0.6000000238418579,0.4571428596973419,83,12,17,25-50%,"(0.575,0.625]",0.615526324824283
team_mix,0.75,0.7749999761581421,0.14814814925193787,80,4,12,50-75%,"(0.725,0.775]",0.7600446332778249
team_mix,1,0.7749999761581421,0.75,83,1,6,75-100%,"(0.725,0.775]",0.7600446332778249
team_mix,0.5,0.675000011920929,0.16129031777381897,86,0,0,25-50%,"(0.65,0.675]",0.675000011920929
control,NA,NA,0.3181818127632141,86,0,0,NA,NA,NA
control,NA,NA,0.6571428775787354,100,34,47,NA,NA,NA
team_hom,0,0.5,0.35820895433425903,101,0,5,NA,"(0.35,0.525]",0.49381187086058137
team_mix,0.5,0.675000011920929,0.1428571492433548,79,2,2,25-50%,"(0.65,0.675]",0.675000011920929
control,NA,NA,0.6571428775787354,94,4,8,NA,NA,NA
team_hom,0,0.800000011920929,0.9230769276618958,106,12,12,NA,"(0.775,0.8]",0.800000011920929
team_mix,0.75,0.4000000059604645,0.35820895433425903,84,9,9,50-75%,"(0.35,0.525]",0.49381187086058137
control,NA,NA,0.8064515590667725,87,0,8,NA,NA,NA
team_mix,1,0.6000000238418579,0.3461538553237915,110,1,2,75-100%,"(0.575,0.625]",0.615526324824283
team_mix,0.5,0.5,0.6571428775787354,64,12,27,25-50%,"(0.35,0.525]",0.49381187086058137
control,NA,NA,0.575757622718811,84,0,0,NA,NA,NA
team_mix,0.75,0.675000011920929,0.3461538553237915,90,3,10,50-75%,"(0.65,0.675]",0.675000011920929
team_mix,0.5,0.675000011920929,0.523809552192688,95,2,5,25-50%,"(0.65,0.675]",0.675000011920929
team_hom,0,0.800000011920929,0.3461538553237915,111,NA,NA,NA,"(0.775,0.8]",0.800000011920929
team_mix,0.5,0.5,0.6571428775787354,68,0,0,25-50%,"(0.35,0.525]",0.49381187086058137
control,NA,NA,0.6571428775787354,86,0,0,NA,NA,NA
team_hom,0,0.5249999761581421,0.35820895433425903,87,1,4,NA,"(0.35,0.525]",0.49381187086058137
team_mix,0.75,0.8500000238418579,0.6571428775787354,87,17,24,50-75%,"(0.8,0.975]",0.8523437511175871
team_mix,0.5,0.44999998807907104,0.35820895433425903,89,3,7,25-50%,"(0.35,0.525]",0.49381187086058137
team_hom,0,0.5,0.35820895433425903,74,4,5,NA,"(0.35,0.525]",0.49381187086058137
control,NA,NA,0.6571428775787354,70,4,6,NA,NA,NA
team_hom,0,0.5,0.35820895433425903,104,4,5,NA,"(0.35,0.525]",0.49381187086058137
control,NA,NA,0.3461538553237915,94,0,0,NA,NA,NA
team_mix,1,0.5249999761581421,0.575757622718811,78,3,8,75-100%,"(0.35,0.525]",0.49381187086058137
team_mix,0.75,0.625,0.35820895433425903,82,3,7,50-75%,"(0.575,0.625]",0.615526324824283
team_hom,0,0.5249999761581421,0.35820895433425903,88,7,13,NA,"(0.35,0.525]",0.49381187086058137
team_mix,0.5,0.6000000238418579,0.6571428775787354,73,3,5,25-50%,"(0.575,0.625]",0.615526324824283
team_mix,0.25,0.699999988079071,0.3461538553237915,76,3,7,0-25%,"(0.675,0.7]",0.699999988079071
team_hom,0,0.800000011920929,0.3461538553237915,93,0,0,NA,"(0.775,0.8]",0.800000011920929
control,NA,NA,0.6571428775787354,79,6,9,NA,NA,NA
control,NA,NA,0.35820895433425903,92,2,3,NA,NA,NA
team_mix,0.75,0.4000000059604645,0.13793103396892548,86,3,7,50-75%,"(0.35,0.525]",0.49381187086058137
team_mix,0.5,0.699999988079071,0.20930233597755432,77,4,7,25-50%,"(0.675,0.7]",0.699999988079071
team_mix,0.5,0.5,0.8888888955116272,86,1,4,25-50%,"(0.35,0.525]",0.49381187086058137
team_mix,0.75,0.550000011920929,0.641791045665741,96,19,35,50-75%,"(0.525,0.575]",0.5640410944207074
team_mix,1,0.7749999761581421,0.5,95,11,15,75-100%,"(0.725,0.775]",0.7600446332778249
control,NA,NA,0.515625,96,2,22,NA,NA,NA
team_mix,0.25,0.699999988079071,0.9074074029922485,77,1,8,0-25%,"(0.675,0.7]",0.699999988079071
control,NA,NA,0.515625,86,5,8,NA,NA,NA
team_mix,0.75,0.550000011920929,0.3731343448162079,79,4,9,50-75%,"(0.525,0.575]",0.5640410944207074
team_hom,0,0.75,0.5,101,3,30,NA,"(0.725,0.775]",0.7600446332778249
control,NA,NA,0.515625,91,8,9,NA,NA,NA
control,NA,NA,0.8064515590667725,107,1,10,NA,NA,NA
team_mix,0.75,0.6499999761581421,0.3731343448162079,90,11,17,50-75%,"(0.625,0.65]",0.6499999761581421
team_mix,0.5,0.6000000238418579,0.8064515590667725,73,2,4,25-50%,"(0.575,0.625]",0.615526324824283
team_hom,0,0.5,0.8064515590667725,93,2,7,NA,"(0.35,0.525]",0.49381187086058137
team_mix,0.5,0.5249999761581421,0.8064515590667725,83,2,10,25-50%,"(0.35,0.525]",0.49381187086058137
control,NA,NA,0.8064515590667725,87,0,1,NA,NA,NA
team_hom,0,0.675000011920929,0.515625,63,NA,NA,NA,"(0.65,0.675]",0.675000011920929
team_mix,1,0.75,0.8620689511299133,84,6,33,75-100%,"(0.725,0.775]",0.7600446332778249
team_mix,1,0.625,0.3731343448162079,85,5,8,75-100%,"(0.575,0.625]",0.615526324824283
team_hom,0,0.625,0.3731343448162079,81,8,19,NA,"(0.575,0.625]",0.615526324824283
team_mix,0.5,0.44999998807907104,0.4000000059604645,88,2,3,25-50%,"(0.35,0.525]",0.49381187086058137
team_mix,0.75,0.6499999761581421,0.3731343448162079,91,5,5,50-75%,"(0.625,0.65]",0.6499999761581421
control,NA,NA,0.3461538553237915,113,0,0,NA,NA,NA
team_mix,0.5,0.7250000238418579,0.3731343448162079,103,3,7,25-50%,"(0.7,0.725]",0.7250000238418579
team_mix,0.25,0.5249999761581421,0.4000000059604645,80,1,2,0-25%,"(0.35,0.525]",0.49381187086058137
team_mix,0.5,0.574999988079071,0.4000000059604645,95,2,9,25-50%,"(0.525,0.575]",0.5640410944207074
team_mix,0.25,0.699999988079071,0.3731343448162079,99,0,0,0-25%,"(0.675,0.7]",0.699999988079071
control,NA,NA,0.3731343448162079,82,1,1,NA,NA,NA
team_hom,0,0.800000011920929,0.3461538553237915,103,2,6,NA,"(0.775,0.8]",0.800000011920929
team_mix,0.5,0.574999988079071,0.3731343448162079,87,0,2,25-50%,"(0.525,0.575]",0.5640410944207074
team_mix,0.5,0.5249999761581421,0.4000000059604645,100,6,7,25-50%,"(0.35,0.525]",0.49381187086058137
control,NA,NA,0.3731343448162079,97,2,10,NA,NA,NA
team_hom,0,0.675000011920929,0.3731343448162079,83,10,21,NA,"(0.65,0.675]",0.675000011920929
control,NA,NA,0.3731343448162079,69,1,2,NA,NA,NA
control,NA,NA,0.3731343448162079,87,0,2,NA,NA,NA
team_mix,0.25,0.699999988079071,0.3461538553237915,84,0,0,0-25%,"(0.675,0.7]",0.699999988079071
team_hom,0,0.675000011920929,0.3731343448162079,76,0,4,NA,"(0.65,0.675]",0.675000011920929
control,NA,NA,0.3731343448162079,84,0,1,NA,NA,NA
team_mix,0.5,0.574999988079071,0.3731343448162079,79,3,4,25-50%,"(0.525,0.575]",0.5640410944207074
team_hom,0,0.800000011920929,0.3461538553237915,84,4,15,NA,"(0.775,0.8]",0.800000011920929
team_mix,0.25,0.699999988079071,0.3731343448162079,87,0,1,0-25%,"(0.675,0.7]",0.699999988079071
control,NA,NA,0.3461538553237915,85,1,3,NA,NA,NA
control,NA,NA,0.4000000059604645,74,1,1,NA,NA,NA
control,NA,NA,0.3731343448162079,80,0,1,NA,NA,NA
control,NA,NA,0.3731343448162079,81,0,1,NA,NA,NA
team_mix,1,0.7250000238418579,0.3731343448162079,84,1,3,75-100%,"(0.7,0.725]",0.7250000238418579
control,NA,NA,0.3461538553237915,107,0,0,NA,NA,NA
team_hom,0,0.625,0.3731343448162079,83,0,2,NA,"(0.575,0.625]",0.615526324824283
team_mix,0.5,0.7250000238418579,0.3731343448162079,85,NA,NA,25-50%,"(0.7,0.725]",0.7250000238418579
team_hom,0,0.800000011920929,0.3461538553237915,80,1,1,NA,"(0.775,0.8]",0.800000011920929
team_hom,0,0.675000011920929,0.3731343448162079,78,0,1,NA,"(0.65,0.675]",0.675000011920929
control,NA,NA,0.3731343448162079,85,2,2,NA,NA,NA
team_mix,0.5,0.7250000238418579,0.3731343448162079,95,2,5,25-50%,"(0.7,0.725]",0.7250000238418579
control,NA,NA,0.3731343448162079,78,0,4,NA,NA,NA
control,NA,NA,0.3731343448162079,75,0,1,NA,NA,NA
team_mix,0.25,0.699999988079071,0.3731343448162079,96,5,9,0-25%,"(0.675,0.7]",0.699999988079071
control,NA,NA,0.3461538553237915,94,0,0,NA,NA,NA
team_hom,0,0.675000011920929,0.3731343448162079,95,0,0,NA,"(0.65,0.675]",0.675000011920929
team_mix,0.5,0.44999998807907104,0.4000000059604645,86,1,1,25-50%,"(0.35,0.525]",0.49381187086058137
team_mix,0.5,0.7250000238418579,0.3731343448162079,73,1,1,25-50%,"(0.7,0.725]",0.7250000238418579
team_mix,0.75,0.625,0.3461538553237915,88,4,11,50-75%,"(0.575,0.625]",0.615526324824283
control,NA,NA,0.4000000059604645,98,1,2,NA,NA,NA
team_hom,0,0.5,0.4000000059604645,100,0,1,NA,"(0.35,0.525]",0.49381187086058137
team_mix,0.75,0.7250000238418579,0.3461538553237915,97,5,16,50-75%,"(0.7,0.725]",0.7250000238418579
team_hom,0,0.5249999761581421,0.4000000059604645,84,2,3,NA,"(0.35,0.525]",0.49381187086058137
control,NA,NA,0.3731343448162079,78,2,13,NA,NA,NA
team_hom,0,0.5249999761581421,0.4000000059604645,75,5,7,NA,"(0.35,0.525]",0.49381187086058137
control,NA,NA,0.3461538553237915,87,0,0,NA,NA,NA
team_hom,0,0.699999988079071,0.5,84,1,3,NA,"(0.675,0.7]",0.699999988079071
control,NA,NA,0.78125,111,4,9,NA,NA,NA
control,NA,NA,0.0476190485060215,86,2,11,NA,NA,NA
team_mix,0.75,0.625,0.20930233597755432,101,6,11,50-75%,"(0.575,0.625]",0.615526324824283
team_mix,1,0.675000011920929,0.20930233597755432,97,10,31,75-100%,"(0.65,0.675]",0.675000011920929
team_hom,0,0.8500000238418579,0.78125,89,3,11,NA,"(0.8,0.975]",0.8523437511175871
team_mix,0.75,0.675000011920929,0.7352941036224365,87,8,22,50-75%,"(0.65,0.675]",0.675000011920929
control,NA,NA,0.7352941036224365,84,3,6,NA,NA,NA
team_mix,0.75,0.6499999761581421,0.14814814925193787,95,1,22,50-75%,"(0.625,0.65]",0.6499999761581421
control,NA,NA,0.8888888955116272,84,1,4,NA,NA,NA
control,NA,NA,0.8823529481887817,86,3,10,NA,NA,NA
control,NA,NA,0.8823529481887817,79,3,13,NA,NA,NA
team_mix,0.5,0.7749999761581421,0.8823529481887817,97,5,12,25-50%,"(0.725,0.775]",0.7600446332778249
team_mix,1,0.6000000238418579,0.14814814925193787,104,2,5,75-100%,"(0.575,0.625]",0.615526324824283
team_hom,0,0.675000011920929,0.7352941036224365,76,3,12,NA,"(0.65,0.675]",0.675000011920929
team_mix,0.5,0.675000011920929,0.7352941036224365,93,7,21,25-50%,"(0.65,0.675]",0.675000011920929
control,NA,NA,0.7352941036224365,96,0,7,NA,NA,NA
team_hom,0,0.875,0.7352941036224365,80,1,4,NA,"(0.8,0.975]",0.8523437511175871
control,NA,NA,0.36666667461395264,94,0,0,NA,NA,NA
team_mix,0.75,0.7250000238418579,0.7352941036224365,78,0,3,50-75%,"(0.7,0.725]",0.7250000238418579
team_mix,0.75,0.6499999761581421,0.36666667461395264,75,6,17,50-75%,"(0.625,0.65]",0.6499999761581421
team_mix,0.75,0.550000011920929,0.529411792755127,95,2,9,50-75%,"(0.525,0.575]",0.5640410944207074
team_hom,0,0.7749999761581421,0.4642857313156128,95,20,44,NA,"(0.725,0.775]",0.7600446332778249
team_mix,0.5,0.800000011920929,0.4642857313156128,104,13,21,25-50%,"(0.775,0.8]",0.800000011920929
team_hom,0,0.7250000238418579,0.4642857313156128,84,11,12,NA,"(0.7,0.725]",0.7250000238418579
team_hom,0,0.800000011920929,0.5925925970077515,84,0,1,NA,"(0.775,0.8]",0.800000011920929
control,NA,NA,0.529411792755127,100,2,4,NA,NA,NA
control,NA,NA,0.6571428775787354,84,8,13,NA,NA,NA
control,NA,NA,0.529411792755127,83,0,0,NA,NA,NA
control,NA,NA,0.5925925970077515,99,0,0,NA,NA,NA
team_mix,1,0.4000000059604645,0.529411792755127,85,1,12,75-100%,"(0.35,0.525]",0.49381187086058137
team_mix,1,0.5249999761581421,0.5925925970077515,85,19,44,75-100%,"(0.35,0.525]",0.49381187086058137
team_mix,0.5,0.8500000238418579,0.5714285373687744,90,6,9,25-50%,"(0.8,0.975]",0.8523437511175871
team_mix,0.75,0.625,0.5925925970077515,98,3,10,50-75%,"(0.575,0.625]",0.615526324824283
control,NA,NA,0,82,0,0,NA,NA,NA
team_mix,0.5,0.75,0.529411792755127,76,NA,NA,25-50%,"(0.725,0.775]",0.7600446332778249
control,NA,NA,0.529411792755127,83,NA,NA,NA,NA,NA
control,NA,NA,0.1428571492433548,97,4,8,NA,NA,NA
team_hom,0,0.7250000238418579,0.529411792755127,80,1,1,NA,"(0.7,0.725]",0.7250000238418579
team_hom,0,0.800000011920929,0.5925925970077515,93,1,4,NA,"(0.775,0.8]",0.800000011920929
control,NA,NA,0.529411792755127,103,1,3,NA,NA,NA
team_mix,0.75,0.7749999761581421,0.5714285373687744,91,4,5,50-75%,"(0.725,0.775]",0.7600446332778249
team_mix,0.5,0.75,0.515625,87,6,10,25-50%,"(0.725,0.775]",0.7600446332778249
team_mix,0.75,0.625,0.529411792755127,90,7,7,50-75%,"(0.575,0.625]",0.615526324824283
team_hom,0,0.7250000238418579,0.5714285373687744,80,6,15,NA,"(0.7,0.725]",0.7250000238418579
team_mix,0.25,0.699999988079071,0.8604651689529419,83,9,20,0-25%,"(0.675,0.7]",0.699999988079071
team_hom,0,0.7749999761581421,0.575757622718811,76,6,10,NA,"(0.725,0.775]",0.7600446332778249
control,NA,NA,0.1428571492433548,93,2,4,NA,NA,NA
team_hom,0,0.7250000238418579,0.529411792755127,77,2,5,NA,"(0.7,0.725]",0.7250000238418579
team_mix,0.5,0.800000011920929,0.5925925970077515,85,0,0,25-50%,"(0.775,0.8]",0.800000011920929
control,NA,NA,0.529411792755127,92,7,8,NA,NA,NA
team_mix,0.25,0.6499999761581421,0.529411792755127,85,NA,NA,0-25%,"(0.625,0.65]",0.6499999761581421
control,NA,NA,0.5925925970077515,47,3,6,NA,NA,NA
team_mix,0.75,0.5,0.5925925970077515,71,2,10,50-75%,"(0.35,0.525]",0.49381187086058137
control,NA,NA,0.529411792755127,76,0,1,NA,NA,NA
team_hom,0,0.675000011920929,0.1428571492433548,82,1,6,NA,"(0.65,0.675]",0.675000011920929
team_hom,0,0.699999988079071,0.529411792755127,88,6,11,NA,"(0.675,0.7]",0.699999988079071
control,NA,NA,0.529411792755127,84,0,1,NA,NA,NA
control,NA,NA,0.5925925970077515,72,0,0,NA,NA,NA
team_mix,0.75,0.675000011920929,0.5925925970077515,74,2,11,50-75%,"(0.65,0.675]",0.675000011920929
team_mix,0.75,0.44999998807907104,0.35820895433425903,72,1,9,50-75%,"(0.35,0.525]",0.49381187086058137
control,NA,NA,0.4000000059604645,75,1,5,NA,NA,NA
team_hom,0,0.800000011920929,0.9074074029922485,66,8,24,NA,"(0.775,0.8]",0.800000011920929
control,NA,NA,0.07692307978868484,75,3,4,NA,NA,NA
team_hom,0,0.7250000238418579,0.575757622718811,86,1,4,NA,"(0.7,0.725]",0.7250000238418579
control,NA,NA,0.8823529481887817,80,18,24,NA,NA,NA
team_hom,0,0.800000011920929,0.5925925970077515,76,11,18,NA,"(0.775,0.8]",0.800000011920929
team_mix,0.5,0.75,0.8823529481887817,103,23,35,25-50%,"(0.725,0.775]",0.7600446332778249
team_mix,0.25,0.699999988079071,0.3731343448162079,94,1,2,0-25%,"(0.675,0.7]",0.699999988079071
team_mix,0.5,0.4749999940395355,0.35820895433425903,87,5,20,25-50%,"(0.35,0.525]",0.49381187086058137
team_mix,0.25,0.6499999761581421,0.5714285373687744,100,6,12,0-25%,"(0.625,0.65]",0.6499999761581421
team_mix,0.75,0.7749999761581421,0.8823529481887817,77,8,16,50-75%,"(0.725,0.775]",0.7600446332778249
team_mix,1,0.75,0.4642857313156128,84,8,20,75-100%,"(0.725,0.775]",0.7600446332778249
team_hom,0,0.7250000238418579,0.5909090638160706,86,6,13,NA,"(0.7,0.725]",0.7250000238418579
team_mix,1,0.675000011920929,0.5714285373687744,80,30,32,75-100%,"(0.65,0.675]",0.675000011920929
control,NA,NA,0.8823529481887817,94,47,56,NA,NA,NA
team_mix,0.75,0.675000011920929,0.5588235855102539,86,3,10,50-75%,"(0.65,0.675]",0.675000011920929
team_hom,0,0.75,0.5,93,0,0,NA,"(0.725,0.775]",0.7600446332778249
control,NA,NA,0.5588235855102539,78,4,8,NA,NA,NA
team_hom,0,0.574999988079071,0.4642857313156128,75,4,15,NA,"(0.525,0.575]",0.5640410944207074
team_mix,1,0.675000011920929,0.930232584476471,78,2,4,75-100%,"(0.65,0.675]",0.675000011920929
team_mix,1,0.6499999761581421,0.5588235855102539,86,1,3,75-100%,"(0.625,0.65]",0.6499999761581421
team_mix,1,0.7749999761581421,0.3731343448162079,86,2,2,75-100%,"(0.725,0.775]",0.7600446332778249
team_mix,0.5,0.675000011920929,0.8461538553237915,88,3,12,25-50%,"(0.65,0.675]",0.675000011920929
control,NA,NA,0.3731343448162079,98,1,7,NA,NA,NA
team_mix,0.5,0.75,0.5588235855102539,90,2,2,25-50%,"(0.725,0.775]",0.7600446332778249
team_mix,0.75,0.7250000238418579,0.5588235855102539,85,1,2,50-75%,"(0.7,0.725]",0.7250000238418579
control,NA,NA,0.4642857313156128,81,3,3,NA,NA,NA
team_hom,0,0.7749999761581421,0.4642857313156128,83,3,7,NA,"(0.725,0.775]",0.7600446332778249
team_mix,0.75,0.675000011920929,0.9074074029922485,95,6,12,50-75%,"(0.65,0.675]",0.675000011920929
control,NA,NA,0.4642857313156128,91,2,3,NA,NA,NA
team_hom,0,0.800000011920929,0.5588235855102539,92,0,1,NA,"(0.775,0.8]",0.800000011920929
team_hom,0,0.800000011920929,0.9074074029922485,75,0,4,NA,"(0.775,0.8]",0.800000011920929
team_mix,0.5,0.800000011920929,0.529411792755127,82,5,6,25-50%,"(0.775,0.8]",0.800000011920929
control,NA,NA,0.5588235855102539,86,3,4,NA,NA,NA
team_hom,0,0.7749999761581421,0.5142857432365417,82,4,11,NA,"(0.725,0.775]",0.7600446332778249
team_mix,1,0.875,0.5588235855102539,64,9,18,75-100%,"(0.8,0.975]",0.8523437511175871
control,NA,NA,0.5588235855102539,87,0,1,NA,NA,NA
team_hom,0,0.800000011920929,0.5588235855102539,69,1,6,NA,"(0.775,0.8]",0.800000011920929
control,NA,NA,0.8461538553237915,104,5,9,NA,NA,NA
control,NA,NA,0.5588235855102539,87,8,16,NA,NA,NA
team_hom,0,0.7749999761581421,0.5588235855102539,74,0,2,NA,"(0.725,0.775]",0.7600446332778249
control,NA,NA,0.5588235855102539,68,5,12,NA,NA,NA
team_mix,0.5,0.574999988079071,0.3731343448162079,68,0,1,25-50%,"(0.525,0.575]",0.5640410944207074
team_hom,0,0.800000011920929,0.5588235855102539,90,5,6,NA,"(0.775,0.8]",0.800000011920929
team_mix,0.75,0.7250000238418579,0.5142857432365417,72,5,9,50-75%,"(0.7,0.725]",0.7250000238418579
control,NA,NA,0.5,100,3,3,NA,NA,NA
control,NA,NA,0.5588235855102539,81,5,10,NA,NA,NA
team_hom,0,0.75,0.523809552192688,97,1,3,NA,"(0.725,0.775]",0.7600446332778249
control,NA,NA,0.3461538553237915,91,3,13,NA,NA,NA
team_mix,0.75,0.5,0.3461538553237915,73,0,0,50-75%,"(0.35,0.525]",0.49381187086058137
team_mix,0.5,0.6000000238418579,0.35820895433425903,105,1,3,25-50%,"(0.575,0.625]",0.615526324824283
team_hom,0,0.7250000238418579,0.575757622718811,96,10,20,NA,"(0.7,0.725]",0.7250000238418579
team_hom,0,0.800000011920929,0.3461538553237915,61,7,22,NA,"(0.775,0.8]",0.800000011920929
team_mix,0.5,0.6000000238418579,0.575757622718811,105,3,9,25-50%,"(0.575,0.625]",0.615526324824283
team_mix,0.5,0.75,0.5142857432365417,86,4,8,25-50%,"(0.725,0.775]",0.7600446332778249
team_hom,0,0.5,0.35820895433425903,88,0,0,NA,"(0.35,0.525]",0.49381187086058137
team_hom,0,0.800000011920929,0.3461538553237915,46,0,4,NA,"(0.775,0.8]",0.800000011920929
control,NA,NA,0.35820895433425903,77,0,1,NA,NA,NA
control,NA,NA,0.3461538553237915,88,1,3,NA,NA,NA
control,NA,NA,0.3461538553237915,76,0,3,NA,NA,NA
team_mix,0.75,0.8500000238418579,0.575757622718811,68,1,3,50-75%,"(0.8,0.975]",0.8523437511175871
team_mix,0.5,0.4749999940395355,0.35820895433425903,85,4,9,25-50%,"(0.35,0.525]",0.49381187086058137
control,NA,NA,0.575757622718811,86,2,2,NA,NA,NA
team_mix,0.5,0.5249999761581421,0.35820895433425903,92,0,4,25-50%,"(0.35,0.525]",0.49381187086058137
control,NA,NA,0.35820895433425903,89,1,1,NA,NA,NA
team_mix,1,0.6000000238418579,0.5142857432365417,88,3,12,75-100%,"(0.575,0.625]",0.615526324824283
team_mix,0.5,0.7250000238418579,0.515625,77,0,4,25-50%,"(0.7,0.725]",0.7250000238418579
team_mix,0.5,0.800000011920929,0.3461538553237915,96,0,8,25-50%,"(0.775,0.8]",0.800000011920929
team_mix,0.5,0.800000011920929,0.3461538553237915,85,0,1,25-50%,"(0.775,0.8]",0.800000011920929
control,NA,NA,0.35820895433425903,97,0,0,NA,NA,NA
team_mix,1,0.574999988079071,0.3461538553237915,101,2,12,75-100%,"(0.525,0.575]",0.5640410944207074
control,NA,NA,0.523809552192688,89,3,10,NA,NA,NA
control,NA,NA,0.35820895433425903,89,1,3,NA,NA,NA
control,NA,NA,0.35820895433425903,87,4,7,NA,NA,NA
control,NA,NA,0.35820895433425903,98,0,0,NA,NA,NA
team_mix,0.5,0.574999988079071,0.35820895433425903,83,3,5,25-50%,"(0.525,0.575]",0.5640410944207074
team_hom,0,0.800000011920929,0.5142857432365417,81,NA,NA,NA,"(0.775,0.8]",0.800000011920929
team_mix,0.25,0.699999988079071,0.3461538553237915,74,3,5,0-25%,"(0.675,0.7]",0.699999988079071
team_mix,0.5,0.574999988079071,0.35820895433425903,82,0,5,25-50%,"(0.525,0.575]",0.5640410944207074
team_mix,0.75,0.675000011920929,0.5142857432365417,85,3,8,50-75%,"(0.65,0.675]",0.675000011920929
control,NA,NA,0.523809552192688,97,4,10,NA,NA,NA
team_hom,0,0.800000011920929,0.9074074029922485,89,11,19,NA,"(0.775,0.8]",0.800000011920929
control,NA,NA,0.35820895433425903,94,0,0,NA,NA,NA
team_mix,0.75,0.625,0.5714285373687744,86,3,3,50-75%,"(0.575,0.625]",0.615526324824283
team_hom,0,0.7250000238418579,0.4642857313156128,105,4,14,NA,"(0.7,0.725]",0.7250000238418579
team_hom,0,0.5,0.35820895433425903,72,2,2,NA,"(0.35,0.525]",0.49381187086058137
team_hom,0,0.699999988079071,0.5714285373687744,84,0,0,NA,"(0.675,0.7]",0.699999988079071
team_hom,0,0.699999988079071,0.5714285373687744,67,0,8,NA,"(0.675,0.7]",0.699999988079071
control,NA,NA,0.07692307978868484,89,1,3,NA,NA,NA
team_mix,0.75,0.7250000238418579,0.3461538553237915,104,1,1,50-75%,"(0.7,0.725]",0.7250000238418579
team_hom,0,0.800000011920929,0.3461538553237915,108,2,6,NA,"(0.775,0.8]",0.800000011920929
control,NA,NA,0.07692307978868484,96,6,10,NA,NA,NA
control,NA,NA,0.5714285373687744,73,2,3,NA,NA,NA
control,NA,NA,0.35820895433425903,78,0,0,NA,NA,NA
team_hom,0,0.699999988079071,0.5714285373687744,98,1,1,NA,"(0.675,0.7]",0.699999988079071
control,NA,NA,0.5714285373687744,82,0,4,NA,NA,NA
team_mix,0.75,0.550000011920929,0.07692307978868484,85,6,23,50-75%,"(0.525,0.575]",0.5640410944207074
control,NA,NA,0.07692307978868484,95,12,31,NA,NA,NA
control,NA,NA,0.3461538553237915,87,7,16,NA,NA,NA
team_mix,1,0.6499999761581421,0.6571428775787354,75,NA,NA,75-100%,"(0.625,0.65]",0.6499999761581421
team_mix,0.75,0.675000011920929,0.3461538553237915,97,2,2,50-75%,"(0.65,0.675]",0.675000011920929
control,NA,NA,0.07692307978868484,76,1,3,NA,NA,NA
control,NA,NA,0.1428571492433548,82,21,42,NA,NA,NA
team_mix,0.5,0.5,0.4642857313156128,84,4,11,25-50%,"(0.35,0.525]",0.49381187086058137
team_hom,0,0.574999988079071,0.4642857313156128,79,11,19,NA,"(0.525,0.575]",0.5640410944207074
control,NA,NA,0.35820895433425903,77,1,4,NA,NA,NA
team_mix,0.25,0.5249999761581421,0.35820895433425903,94,0,1,0-25%,"(0.35,0.525]",0.49381187086058137
control,NA,NA,0.35820895433425903,80,0,0,NA,NA,NA
control,NA,NA,0.550000011920929,87,5,15,NA,NA,NA
team_mix,0.25,0.5249999761581421,0.35820895433425903,100,1,1,0-25%,"(0.35,0.525]",0.49381187086058137
control,NA,NA,0.07692307978868484,84,1,1,NA,NA,NA
control,NA,NA,0.07692307978868484,91,7,8,NA,NA,NA
control,NA,NA,0.35820895433425903,106,0,1,NA,NA,NA
team_mix,0.5,0.3499999940395355,0.550000011920929,94,6,7,25-50%,NA,NA
team_hom,0,0.7749999761581421,0.4642857313156128,96,12,20,NA,"(0.725,0.775]",0.7600446332778249
team_hom,0,0.75,0.5,99,2,9,NA,"(0.725,0.775]",0.7600446332778249
team_hom,0,0.5,0.35820895433425903,93,2,3,NA,"(0.35,0.525]",0.49381187086058137
control,NA,NA,0.35820895433425903,88,1,3,NA,NA,NA
team_mix,0.5,0.550000011920929,0.4000000059604645,82,5,14,25-50%,"(0.525,0.575]",0.5640410944207074
team_mix,0.75,0.699999988079071,0.4642857313156128,97,4,7,50-75%,"(0.675,0.7]",0.699999988079071
team_mix,0.75,0.7749999761581421,0.7142857313156128,99,1,3,50-75%,"(0.725,0.775]",0.7600446332778249
team_hom,0,0.699999988079071,0.78125,79,5,12,NA,"(0.675,0.7]",0.699999988079071
team_mix,0.5,0.675000011920929,0.78125,91,3,9,25-50%,"(0.65,0.675]",0.675000011920929
team_mix,0.5,0.7250000238418579,0.20930233597755432,85,0,2,25-50%,"(0.7,0.725]",0.7250000238418579
team_mix,0.75,0.550000011920929,0.13793103396892548,97,1,28,50-75%,"(0.525,0.575]",0.5640410944207074
control,NA,NA,0.20930233597755432,87,1,2,NA,NA,NA
team_mix,0.25,0.875,0.9701492786407471,84,4,7,0-25%,"(0.8,0.975]",0.8523437511175871
team_mix,1,0.574999988079071,0.9701492786407471,80,8,19,75-100%,"(0.525,0.575]",0.5640410944207074
team_mix,0.75,0.675000011920929,0.7142857313156128,87,3,4,50-75%,"(0.65,0.675]",0.675000011920929
team_mix,0.75,0.75,0.78125,73,10,15,50-75%,"(0.725,0.775]",0.7600446332778249
team_mix,0.5,0.675000011920929,0.78125,75,6,27,25-50%,"(0.65,0.675]",0.675000011920929
team_mix,0.75,0.7250000238418579,0.7272727489471436,93,10,10,50-75%,"(0.7,0.725]",0.7250000238418579
team_mix,0.75,0.6499999761581421,0.52173912525177,71,NA,NA,50-75%,"(0.625,0.65]",0.6499999761581421
team_mix,0.75,0.800000011920929,0.641791045665741,114,0,8,50-75%,"(0.775,0.8]",0.800000011920929
team_hom,0,0.699999988079071,0.5,77,4,6,NA,"(0.675,0.7]",0.699999988079071
team_mix,0.75,0.675000011920929,0.52173912525177,85,NA,NA,50-75%,"(0.65,0.675]",0.675000011920929
team_hom,0,0.6499999761581421,0.20930233597755432,93,4,5,NA,"(0.625,0.65]",0.6499999761581421
team_mix,0.5,0.7749999761581421,0.7272727489471436,105,3,3,25-50%,"(0.725,0.775]",0.7600446332778249
control,NA,NA,0.29629629850387573,105,3,4,NA,NA,NA
control,NA,NA,0.7142857313156128,87,2,2,NA,NA,NA
control,NA,NA,0.7142857313156128,96,3,9,NA,NA,NA
team_mix,1,0.550000011920929,0.7142857313156128,100,1,1,75-100%,"(0.525,0.575]",0.5640410944207074
team_mix,0.75,0.8500000238418579,0.52173912525177,86,NA,NA,50-75%,"(0.8,0.975]",0.8523437511175871
team_hom,0,0.6499999761581421,0.7272727489471436,95,3,7,NA,"(0.625,0.65]",0.6499999761581421
team_hom,0,0.5249999761581421,0.515625,95,4,6,NA,"(0.35,0.525]",0.49381187086058137
team_mix,0.5,0.625,0.515625,102,1,1,25-50%,"(0.575,0.625]",0.615526324824283
control,NA,NA,0.07692307978868484,93,3,8,NA,NA,NA
team_mix,0.5,0.3499999940395355,0.515625,102,0,2,25-50%,NA,NA
team_hom,0,0.5249999761581421,0.515625,82,NA,NA,NA,"(0.35,0.525]",0.49381187086058137
team_hom,0,0.7250000238418579,0.07692307978868484,98,2,8,NA,"(0.7,0.725]",0.7250000238418579
control,NA,NA,0.515625,82,0,4,NA,NA,NA
team_mix,0.5,0.75,0.515625,85,0,1,25-50%,"(0.725,0.775]",0.7600446332778249
control,NA,NA,0.9523809552192688,87,5,5,NA,NA,NA
control,NA,NA,0.3461538553237915,93,2,3,NA,NA,NA
team_mix,0.5,0.800000011920929,0.07692307978868484,84,5,16,25-50%,"(0.775,0.8]",0.800000011920929
team_mix,0.75,0.824999988079071,0.8999999761581421,95,6,7,50-75%,"(0.8,0.975]",0.8523437511175871
control,NA,NA,0.07692307978868484,81,0,7,NA,NA,NA
control,NA,NA,0.3461538553237915,106,3,4,NA,NA,NA
control,NA,NA,0.3461538553237915,70,3,5,NA,NA,NA
control,NA,NA,0.23529411852359772,80,0,1,NA,NA,NA
control,NA,NA,0.5,88,0,1,NA,NA,NA
team_mix,1,0.6499999761581421,0.23529411852359772,93,3,3,75-100%,"(0.625,0.65]",0.6499999761581421
team_mix,0.75,0.6499999761581421,0.7272727489471436,108,1,5,50-75%,"(0.625,0.65]",0.6499999761581421
team_hom,0,0.8500000238418579,0.78125,92,0,2,NA,"(0.8,0.975]",0.8523437511175871
control,NA,NA,0.78125,89,3,5,NA,NA,NA
control,NA,NA,0.7272727489471436,96,4,11,NA,NA,NA
team_hom,0,0.75,0.23529411852359772,84,0,0,NA,"(0.725,0.775]",0.7600446332778249
control,NA,NA,0.7142857313156128,81,18,26,NA,NA,NA
control,NA,NA,0.23529411852359772,81,1,1,NA,NA,NA
control,NA,NA,0.23529411852359772,87,4,7,NA,NA,NA
team_mix,1,0.800000011920929,0.23529411852359772,78,7,12,75-100%,"(0.775,0.8]",0.800000011920929
team_mix,0.5,0.824999988079071,0.78125,83,3,5,25-50%,"(0.8,0.975]",0.8523437511175871
team_mix,0.75,0.6000000238418579,0.7142857313156128,91,4,5,50-75%,"(0.575,0.625]",0.615526324824283
control,NA,NA,0.23529411852359772,93,1,1,NA,NA,NA
team_mix,0.5,0.7749999761581421,0.7272727489471436,82,1,4,25-50%,"(0.725,0.775]",0.7600446332778249
control,NA,NA,0.8333333134651184,107,0,4,NA,NA,NA
team_hom,0,0.4749999940395355,0.7142857313156128,85,0,3,NA,"(0.35,0.525]",0.49381187086058137
control,NA,NA,0.29629629850387573,81,1,1,NA,NA,NA
team_hom,0,0.625,0.7333333492279053,97,4,6,NA,"(0.575,0.625]",0.615526324824283
team_hom,0,0.550000011920929,0.5,91,0,7,NA,"(0.525,0.575]",0.5640410944207074
team_mix,0.5,0.6499999761581421,0.13793103396892548,95,1,13,25-50%,"(0.625,0.65]",0.6499999761581421
team_mix,0.75,0.7250000238418579,0.13793103396892548,78,2,9,50-75%,"(0.7,0.725]",0.7250000238418579
control,NA,NA,0.5,100,1,4,NA,NA,NA
control,NA,NA,0.575757622718811,77,3,6,NA,NA,NA
control,NA,NA,0.5,94,4,16,NA,NA,NA
control,NA,NA,0.9411764740943909,103,3,3,NA,NA,NA
control,NA,NA,0.5,95,7,9,NA,NA,NA
team_mix,0.75,0.5,0,94,2,7,50-75%,"(0.35,0.525]",0.49381187086058137
control,NA,NA,0.5,97,2,4,NA,NA,NA
team_hom,0,0.7749999761581421,0.930232584476471,98,4,12,NA,"(0.725,0.775]",0.7600446332778249
team_mix,0.75,0.5,0,73,1,2,50-75%,"(0.35,0.525]",0.49381187086058137
team_mix,0.75,0.675000011920929,0.550000011920929,78,0,0,50-75%,"(0.65,0.675]",0.675000011920929
team_hom,0,0.75,0.523809552192688,107,23,25,NA,"(0.725,0.775]",0.7600446332778249
team_mix,0.5,0.6000000238418579,0,68,0,0,25-50%,"(0.575,0.625]",0.615526324824283
team_hom,0,0.5249999761581421,0.515625,79,6,9,NA,"(0.35,0.525]",0.49381187086058137
team_mix,0.75,0.574999988079071,0,84,3,4,50-75%,"(0.525,0.575]",0.5640410944207074
control,NA,NA,0.5909090638160706,95,6,7,NA,NA,NA
team_hom,0,0.7749999761581421,0.575757622718811,72,4,7,NA,"(0.725,0.775]",0.7600446332778249
team_mix,1,0.7749999761581421,0.930232584476471,95,8,16,75-100%,"(0.725,0.775]",0.7600446332778249
control,NA,NA,0.07692307978868484,88,4,4,NA,NA,NA
team_hom,0,0.675000011920929,0.515625,100,0,2,NA,"(0.65,0.675]",0.675000011920929
team_hom,0,0.550000011920929,0.550000011920929,85,0,6,NA,"(0.525,0.575]",0.5640410944207074
control,NA,NA,0,79,0,2,NA,NA,NA
team_hom,0,0.574999988079071,0.5909090638160706,103,3,9,NA,"(0.525,0.575]",0.5640410944207074
team_mix,0.5,0.550000011920929,0,104,1,5,25-50%,"(0.525,0.575]",0.5640410944207074
control,NA,NA,0,87,0,2,NA,NA,NA
team_hom,0,0.574999988079071,0.5909090638160706,76,17,27,NA,"(0.525,0.575]",0.5640410944207074
team_mix,0.5,0.75,0.07692307978868484,95,2,4,25-50%,"(0.725,0.775]",0.7600446332778249
team_hom,0,0.7749999761581421,0.5142857432365417,93,2,8,NA,"(0.725,0.775]",0.7600446332778249
team_mix,0.25,0.6499999761581421,0.07692307978868484,98,2,8,0-25%,"(0.625,0.65]",0.6499999761581421
team_mix,0.75,0.574999988079071,0,67,2,3,50-75%,"(0.525,0.575]",0.5640410944207074
team_mix,0.75,0.44999998807907104,0,94,0,4,50-75%,"(0.35,0.525]",0.49381187086058137
team_hom,0,0.75,0.5,100,0,10,NA,"(0.725,0.775]",0.7600446332778249
team_mix,0.5,0.699999988079071,0.8620689511299133,100,3,13,25-50%,"(0.675,0.7]",0.699999988079071
team_mix,0.25,0.5249999761581421,0,89,0,2,0-25%,"(0.35,0.525]",0.49381187086058137
control,NA,NA,0,84,1,2,NA,NA,NA
team_hom,0,0.625,0.3731343448162079,82,1,6,NA,"(0.575,0.625]",0.615526324824283
control,NA,NA,0.7777777910232544,82,2,7,NA,NA,NA
team_hom,0,0.75,0.9000000357627869,95,5,5,NA,"(0.725,0.775]",0.7600446332778249
control,NA,NA,0.5,102,1,2,NA,NA,NA
team_mix,0.75,0.6499999761581421,0.515625,86,11,19,50-75%,"(0.625,0.65]",0.6499999761581421
control,NA,NA,0.5909090638160706,79,8,10,NA,NA,NA
control,NA,NA,0.5909090638160706,86,6,7,NA,NA,NA
team_mix,1,0.800000011920929,0.523809552192688,86,3,11,75-100%,"(0.775,0.8]",0.800000011920929
team_mix,0.75,0.699999988079071,0.5909090638160706,76,3,8,50-75%,"(0.675,0.7]",0.699999988079071
control,NA,NA,0.5142857432365417,84,0,0,NA,NA,NA
team_mix,0.5,0.675000011920929,0,86,0,1,25-50%,"(0.65,0.675]",0.675000011920929
team_mix,0.5,0.800000011920929,0.5909090638160706,100,8,12,25-50%,"(0.775,0.8]",0.800000011920929
team_mix,0.5,0.699999988079071,0.5,92,1,4,25-50%,"(0.675,0.7]",0.699999988079071
team_mix,0.75,0.7250000238418579,0.5142857432365417,82,0,0,50-75%,"(0.7,0.725]",0.7250000238418579
control,NA,NA,0.9545454978942871,79,6,16,NA,NA,NA
team_mix,1,0.6499999761581421,0.5909090638160706,95,NA,NA,75-100%,"(0.625,0.65]",0.6499999761581421
control,NA,NA,0.515625,90,1,2,NA,NA,NA
team_mix,0.25,0.6499999761581421,0.07692307978868484,98,7,13,0-25%,"(0.625,0.65]",0.6499999761581421
control,NA,NA,0.5142857432365417,78,0,2,NA,NA,NA
team_mix,1,0.699999988079071,0.5142857432365417,93,7,7,75-100%,"(0.675,0.7]",0.699999988079071
control,NA,NA,0.9047619104385376,99,3,5,NA,NA,NA
team_mix,0.5,0.7250000238418579,0,84,0,0,25-50%,"(0.7,0.725]",0.7250000238418579
team_hom,0,0.75,0.523809552192688,86,2,2,NA,"(0.725,0.775]",0.7600446332778249
team_hom,0,0.75,0.8620689511299133,100,4,4,NA,"(0.725,0.775]",0.7600446332778249
control,NA,NA,0,85,NA,NA,NA,NA,NA
team_hom,0,0.800000011920929,0.3333333432674408,92,3,18,NA,"(0.775,0.8]",0.800000011920929
control,NA,NA,0.523809552192688,82,3,3,NA,NA,NA
team_mix,1,0.800000011920929,0.3333333432674408,107,0,1,75-100%,"(0.775,0.8]",0.800000011920929
team_hom,0,0.5,0,81,0,0,NA,"(0.35,0.525]",0.49381187086058137
team_mix,0.5,0.699999988079071,0.523809552192688,85,0,0,25-50%,"(0.675,0.7]",0.699999988079071
team_mix,1,0.574999988079071,0,97,4,4,75-100%,"(0.525,0.575]",0.5640410944207074
team_mix,1,0.6499999761581421,0.3333333432674408,66,1,3,75-100%,"(0.625,0.65]",0.6499999761581421
team_hom,0,0.5,0,93,1,4,NA,"(0.35,0.525]",0.49381187086058137
control,NA,NA,0,87,NA,NA,NA,NA,NA
team_mix,0.5,0.75,0.5142857432365417,89,0,0,25-50%,"(0.725,0.775]",0.7600446332778249
team_mix,1,0.699999988079071,0.9629629850387573,89,5,41,75-100%,"(0.675,0.7]",0.699999988079071
team_mix,0.5,0.550000011920929,0,90,0,0,25-50%,"(0.525,0.575]",0.5640410944207074
team_hom,0,0.5249999761581421,0,91,2,7,NA,"(0.35,0.525]",0.49381187086058137
team_hom,0,0.574999988079071,0.575757622718811,74,3,6,NA,"(0.525,0.575]",0.5640410944207074
team_hom,0,0.7749999761581421,0.5142857432365417,91,NA,NA,NA,"(0.725,0.775]",0.7600446332778249
team_mix,1,0.8500000238418579,0.5,104,3,8,75-100%,"(0.8,0.975]",0.8523437511175871
team_mix,0.75,0.75,0.5,85,1,5,50-75%,"(0.725,0.775]",0.7600446332778249
team_hom,0,0.625,0.3731343448162079,95,0,0,NA,"(0.575,0.625]",0.615526324824283
team_mix,0.75,0.824999988079071,0.5,105,2,6,50-75%,"(0.8,0.975]",0.8523437511175871
control,NA,NA,0,100,NA,NA,NA,NA,NA
control,NA,NA,0.575757622718811,98,12,19,NA,NA,NA
control,NA,NA,0.5,86,2,4,NA,NA,NA
team_mix,0.5,0.6000000238418579,0.6571428775787354,77,4,17,25-50%,"(0.575,0.625]",0.615526324824283
team_mix,1,0.875,0.5,87,1,2,75-100%,"(0.8,0.975]",0.8523437511175871
control,NA,NA,0.523809552192688,107,0,0,NA,NA,NA
control,NA,NA,0.5,99,1,1,NA,NA,NA
team_mix,0.75,0.75,0.5,103,1,2,50-75%,"(0.725,0.775]",0.7600446332778249
control,NA,NA,0,83,0,0,NA,NA,NA
control,NA,NA,0,83,0,0,NA,NA,NA
team_mix,0.75,0.550000011920929,0.8461538553237915,88,5,14,50-75%,"(0.525,0.575]",0.5640410944207074
control,NA,NA,0.8461538553237915,91,9,22,NA,NA,NA
team_mix,0.75,0.6499999761581421,0.550000011920929,81,7,17,50-75%,"(0.625,0.65]",0.6499999761581421
team_mix,0.5,0.625,0.515625,97,2,4,25-50%,"(0.575,0.625]",0.615526324824283
control,NA,NA,0,93,0,0,NA,NA,NA
team_mix,0.5,0.75,0.515625,88,9,16,25-50%,"(0.725,0.775]",0.7600446332778249
team_mix,0.75,0.7250000238418579,0.3333333432674408,86,4,8,50-75%,"(0.7,0.725]",0.7250000238418579
team_mix,0.5,0.4749999940395355,0,98,0,3,25-50%,"(0.35,0.525]",0.49381187086058137
control,NA,NA,0.5142857432365417,91,2,5,NA,NA,NA
team_mix,0.5,0.3499999940395355,0.515625,106,13,25,25-50%,NA,NA
control,NA,NA,0.5,95,NA,NA,NA,NA,NA
control,NA,NA,0,78,1,1,NA,NA,NA
team_mix,0.75,0.4000000059604645,0,99,2,5,50-75%,"(0.35,0.525]",0.49381187086058137
team_mix,1,0.800000011920929,0.5142857432365417,96,0,2,75-100%,"(0.775,0.8]",0.800000011920929
team_mix,0.5,0.625,0.515625,98,2,6,25-50%,"(0.575,0.625]",0.615526324824283
control,NA,NA,0,88,0,0,NA,NA,NA
control,NA,NA,0.5,100,2,5,NA,NA,NA
control,NA,NA,0.5142857432365417,95,0,0,NA,NA,NA
control,NA,NA,0,109,0,1,NA,NA,NA
team_hom,0,0.550000011920929,0.515625,88,1,2,NA,"(0.525,0.575]",0.5640410944207074
control,NA,NA,0.8620689511299133,93,5,6,NA,NA,NA
team_mix,0.75,0.44999998807907104,0,94,0,6,50-75%,"(0.35,0.525]",0.49381187086058137
control,NA,NA,0,92,0,0,NA,NA,NA
control,NA,NA,0.5142857432365417,98,5,19,NA,NA,NA
control,NA,NA,0.515625,86,0,1,NA,NA,NA
team_hom,0,0.5249999761581421,0.14814814925193787,70,1,3,NA,"(0.35,0.525]",0.49381187086058137
control,NA,NA,0.523809552192688,85,2,5,NA,NA,NA
team_hom,0,0.824999988079071,0.8500000238418579,85,1,2,NA,"(0.8,0.975]",0.8523437511175871
control,NA,NA,0.761904776096344,86,1,4,NA,NA,NA
control,NA,NA,0.5714285373687744,65,3,4,NA,NA,NA
team_mix,0.5,0.7250000238418579,0.515625,86,6,18,25-50%,"(0.7,0.725]",0.7250000238418579
control,NA,NA,0.5,89,1,1,NA,NA,NA
team_mix,1,0.6499999761581421,0.4642857313156128,86,7,14,75-100%,"(0.625,0.65]",0.6499999761581421
team_mix,0.75,0.675000011920929,0.515625,81,5,8,50-75%,"(0.65,0.675]",0.675000011920929
